date,USD,JPY,BGN,CYP,CZK,DKK,EEK,GBP,HUF,LTL,LVL,MTL,PLN,ROL,SEK,SIT,SKK,CHF,ISK,NOK,TRL,AUD,CAD,HKD,KRW,NZD,SGD,ZAR,EUR
2001-01-01,0.9305,106.92,1.9543,0.5737,35.047,7.4631,15.6466,0.6294,265,3.7229,0.5764,0.4075,3.8498,24142,8.8652,213.5401,43.933,1.5232,78.8,8.24,624267,1.677,1.3965,7.2578,1177.08,2.112,1.6126,7.1386,1
2001-01-02,0.9423,108.26,1.9557,0.5745,35.112,7.4611,15.6466,0.6332,264.58,3.7706,0.5814,0.4098,3.8625,24467,8.9314,213.4667,43.859,1.5218,79.75,8.297,630033,1.6845,1.4115,7.3497,1202.37,2.1365,1.6376,7.179,1
2001-01-03,0.953,108.88,1.9558,0.575,35.375,7.4595,15.6466,0.6234,264.55,3.813,0.5843,0.411,3.903,24730,8.881,213.5525,43.988,1.522,79.92,8.3225,632957,1.6915,1.4266,7.4333,1211.17,2.1272,1.6505,7.0213,1
2001-01-04,0.9458,108.25,1.9556,0.5758,35.16,7.4624,15.6466,0.6344,264.77,3.7842,0.5821,0.4104,3.8974,24572,8.8953,213.4939,43.798,1.5217,79.8,8.27,630930,1.6755,1.4141,7.377,1190.57,2.126,1.6389,7.1537,1
2001-01-05,0.9545,111.22,1.9558,0.5764,35.237,7.4633,15.6466,0.6375,264.87,3.819,0.5867,0.4116,3.89,24777,8.894,213.6771,43.861,1.529,80.12,8.273,634750,1.6734,1.4348,7.4446,1204.87,2.1139,1.6551,7.1974,1
2001-01-06,0.9545,111.22,1.9558,0.5764,35.237,7.4633,15.6466,0.6375,264.87,3.819,0.5867,0.4116,3.89,24777,8.894,213.6771,43.861,1.529,80.12,8.273,634750,1.6734,1.4348,7.4446,1204.87,2.1139,1.6551,7.1974,1
2001-01-07,0.9545,111.22,1.9558,0.5764,35.237,7.4633,15.6466,0.6375,264.87,3.819,0.5867,0.4116,3.89,24777,8.894,213.6771,43.861,1.529,80.12,8.273,634750,1.6734,1.4348,7.4446,1204.87,2.1139,1.6551,7.1974,1
2001-01-08,0.9497,110.55,1.9557,0.5768,35.173,7.4651,15.6466,0.6323,264.96,3.7997,0.5851,0.4107,3.887,24733,8.9271,213.8375,43.855,1.5271,79.97,8.288,632633,1.6745,1.4212,7.4075,1202.46,2.1087,1.6416,7.1844,1
2001-01-09,0.9401,108.78,1.9558,0.5767,35.09,7.4642,15.6466,0.6336,265.01,3.7595,0.5802,0.4095,3.8857,24527,8.9215,213.835,43.605,1.5232,79.61,8.252,629467,1.6767,1.4063,7.3326,1206.88,2.1139,1.6285,7.2825,1
2001-01-10,0.9412,109.33,1.9558,0.5768,35.118,7.4654,15.6466,0.6296,265.07,3.7657,0.5804,0.4095,3.9098,24550,8.8503,214.1316,43.57,1.5243,79.67,8.2,630400,1.6847,1.4082,7.3412,1192.31,2.0997,1.6325,7.4599,1
2001-01-11,0.9523,111.75,1.9556,0.577,35.35,7.4668,15.6466,0.6349,265.04,3.8102,0.5847,0.4113,3.922,24900,8.8518,214.3259,43.57,1.5324,80.12,8.194,635100,1.705,1.4259,7.4277,1217.13,2.1154,1.653,7.4669,1
2001-01-12,0.9545,112.35,1.9559,0.5772,35.36,7.4667,15.6466,0.6438,265.11,3.819,0.5851,0.4124,3.91,24973,8.86,214.6557,43.621,1.541,80.21,8.209,635900,1.7003,1.4244,7.4448,1223.19,2.1152,1.654,7.4312,1
2001-01-13,0.9545,112.35,1.9559,0.5772,35.36,7.4667,15.6466,0.6438,265.11,3.819,0.5851,0.4124,3.91,24973,8.86,214.6557,43.621,1.541,80.21,8.209,635900,1.7003,1.4244,7.4448,1223.19,2.1152,1.654,7.4312,1
2001-01-14,0.9545,112.35,1.9559,0.5772,35.36,7.4667,15.6466,0.6438,265.11,3.819,0.5851,0.4124,3.91,24973,8.86,214.6557,43.621,1.541,80.21,8.209,635900,1.7003,1.4244,7.4448,1223.19,2.1152,1.654,7.4312,1
2001-01-15,0.9428,111.92,1.9558,0.5772,35.255,7.466,15.6466,0.6379,265.12,3.7719,0.5811,0.4109,3.873,24700,8.8837,214.6146,43.609,1.5427,79.99,8.216,631067,1.7048,1.417,7.3535,1212.25,2.1234,1.6369,6.3862,1
2001-01-16,0.9412,111.27,1.9552,0.5837,35.427,7.4665,15.6466,0.6395,264.97,3.7659,0.5805,0.411,3.8546,24684,8.919,214.6781,43.581,1.5385,80.02,7.2007,631283,1.6928,1.4141,7.3411,1207.37,2.1108,1.6328,6.437,1
2001-01-17,0.9396,110.6,1.9541,0.5775,35.53,7.4666,15.6466,0.6354,265.1,3.7593,0.579,0.4101,3.8565,24635,8.9015,214.4286,43.901,1.5374,79.95,8.181,630533,1.6875,1.4164,7.3286,1200.81,2.098,1.6281,7.3202,1
2001-01-18,0.9404,111.28,1.9525,0.5774,35.317,7.4671,15.6466,0.64,265.05,3.7625,0.5806,0.4106,3.868,24744,8.9077,214.5294,43.721,1.5283,80.11,8.225,632233,1.693,1.4196,7.3345,1207.47,2.1052,1.6354,7.4308,1
2001-01-19,0.94,110.66,1.9547,0.5777,35.173,7.4666,15.6466,0.6385,265.08,3.7607,0.5798,0.4105,3.8522,24715,8.86,214.5422,43.653,1.5268,79.99,8.215,630850,1.6817,1.4185,7.3315,1200.85,2.0964,1.6336,7.3842,1
2001-01-20,0.94,110.66,1.9547,0.5777,35.173,7.4666,15.6466,0.6385,265.08,3.7607,0.5798,0.4105,3.8522,24715,8.86,214.5422,43.653,1.5268,79.99,8.215,630850,1.6817,1.4185,7.3315,1200.85,2.0964,1.6336,7.3842,1
2001-01-21,0.94,110.66,1.9547,0.5777,35.173,7.4666,15.6466,0.6385,265.08,3.7607,0.5798,0.4105,3.8522,24715,8.86,214.5422,43.653,1.5268,79.99,8.215,630850,1.6817,1.4185,7.3315,1200.85,2.0964,1.6336,7.3842,1
2001-01-22,0.929,108.28,1.9543,0.5779,35.172,7.4664,15.6466,0.6402,264.97,3.717,0.5757,0.4093,3.855,24468,8.929,214.7986,43.67,1.534,79.74,8.207,627517,1.6816,1.4023,7.2456,1183.08,2.0827,1.612,7.3888,1
2001-01-23,0.9407,110.22,1.9552,0.578,35.168,7.4656,15.6466,0.6372,264.99,3.7638,0.5806,0.4106,3.8532,24773,8.9285,214.6993,43.723,1.5316,80.48,8.26,631717,1.6945,1.4157,7.3372,1198.92,2.1009,1.6382,7.3548,1
2001-01-24,0.9294,109.79,1.9556,0.578,34.967,7.4634,15.6466,0.6342,265.05,3.7186,0.575,0.4087,3.8164,24517,8.895,214.826,43.617,1.5323,79.79,8.21,627433,1.6889,1.4059,7.2489,1183.13,2.0925,1.6184,7.2307,1
2001-01-25,0.9146,107.15,1.9552,0.578,34.928,7.4627,15.6466,0.633,265.07,3.6594,0.5684,0.4065,3.8027,24172,8.9167,214.8543,43.602,1.5247,79.53,8.216,622533,1.6817,1.3861,7.1335,1165.2,2.1081,1.5934,7.2619,1
2001-01-26,0.9228,107.69,1.955,0.5784,34.798,7.4619,15.6466,0.6321,265.12,3.692,0.5718,0.4076,3.8131,24237,8.8918,214.8674,43.633,1.5278,79.48,8.21,626100,1.7043,1.3878,7.1974,1181.32,2.1211,1.6115,7.2631,1
2001-01-27,0.9228,107.69,1.955,0.5784,34.798,7.4619,15.6466,0.6321,265.12,3.692,0.5718,0.4076,3.8131,24237,8.8918,214.8674,43.633,1.5278,79.48,8.21,626100,1.7043,1.3878,7.1974,1181.32,2.1211,1.6115,7.2631,1
2001-01-28,0.9228,107.69,1.955,0.5784,34.798,7.4619,15.6466,0.6321,265.12,3.692,0.5718,0.4076,3.8131,24237,8.8918,214.8674,43.633,1.5278,79.48,8.21,626100,1.7043,1.3878,7.1974,1181.32,2.1211,1.6115,7.2631,1
2001-01-29,0.9193,107.15,1.9552,0.5785,34.76,7.4622,15.6466,0.6291,265.09,3.6781,0.5707,0.407,3.7988,24321,8.8315,214.9164,43.666,1.5228,79.39,8.2,625017,1.6925,1.3825,7.1702,1162.91,2.111,1.6056,7.2384,1
2001-01-30,0.9197,107.38,1.9557,0.5786,34.659,7.4608,15.6466,0.6334,265.15,3.6797,0.5707,0.407,3.7923,24366,8.834,214.9908,43.688,1.5204,79.36,8.178,625533,1.6882,1.3809,7.1731,1163.88,2.1096,1.6074,7.2188,1
2001-01-31,0.9293,107.87,1.9557,0.5788,34.69,7.4611,15.6466,0.6395,265.18,3.7182,0.5753,0.409,3.797,24445,8.8714,215.1859,43.633,1.5302,79.83,8.22,628563,1.7034,1.3954,7.2477,1170.17,2.1113,1.6194,7.2292,1
2001-02-01,0.9406,108.7,1.9552,0.5793,34.882,7.4638,15.6466,0.6345,265.3,3.7633,0.5798,0.4104,3.8097,25028,8.9,215.4743,43.71,1.5327,80.2,8.2207,633850,1.6962,1.4075,7.3356,1181.86,2.1037,1.6381,7.2768,1
2001-02-02,0.9407,108.43,1.9553,0.5795,34.862,7.4624,15.6466,0.6368,265.27,3.7637,0.5799,0.4103,3.7938,25008,8.8901,215.5641,43.753,1.5377,79.65,8.196,634167,1.6959,1.4046,7.3362,1174.46,2.0895,1.6342,7.2522,1
2001-02-03,0.9407,108.43,1.9553,0.5795,34.862,7.4624,15.6466,0.6368,265.27,3.7637,0.5799,0.4103,3.7938,25008,8.8901,215.5641,43.753,1.5377,79.65,8.196,634167,1.6959,1.4046,7.3362,1174.46,2.0895,1.6342,7.2522,1
2001-02-04,0.9407,108.43,1.9553,0.5795,34.862,7.4624,15.6466,0.6368,265.27,3.7637,0.5799,0.4103,3.7938,25008,8.8901,215.5641,43.753,1.5377,79.65,8.196,634167,1.6959,1.4046,7.3362,1174.46,2.0895,1.6342,7.2522,1
2001-02-05,0.9425,108.78,1.9549,0.5795,34.838,7.4644,15.6466,0.6359,265.32,3.7709,0.5805,0.4108,3.7952,25023,8.9277,215.5753,43.71,1.5383,79.53,8.194,635100,1.7057,1.4107,7.3506,1189.91,2.1321,1.6417,7.2886,1
2001-02-06,0.9322,107.05,1.954,0.5795,34.665,7.4637,15.6466,0.6374,265.34,3.7298,0.5759,0.4094,3.7949,24750,8.9004,215.5621,43.673,1.5385,79.46,8.167,631650,1.7005,1.4084,7.2709,1172.71,2.1105,1.6247,7.2389,1
2001-02-07,0.9325,108.36,1.9542,0.5794,34.672,7.4631,15.6466,0.6393,265.27,3.7309,0.5765,0.4097,3.787,24963,8.8785,215.5731,43.732,1.5392,79.56,8.167,632917,1.703,1.4092,7.2734,1178.91,2.1062,1.6302,7.3686,1
2001-02-08,0.922,106.97,1.9536,0.5794,34.65,7.4613,15.6466,0.6355,265.45,3.6871,0.5714,0.4081,3.7696,24557,8.885,215.5427,43.688,1.5312,79.3,8.172,629017,1.698,1.3916,7.1914,1165.87,2.101,1.6097,7.347,1
2001-02-09,0.9227,108.3,1.9537,0.5795,34.57,7.4611,15.6466,0.6378,265.48,3.6899,0.5728,0.4085,3.7877,24657,8.905,215.5646,43.663,1.5348,79.16,8.175,628133,1.717,1.3931,7.1964,1163.99,2.108,1.6123,7.2783,1
2001-02-10,0.9227,108.3,1.9537,0.5795,34.57,7.4611,15.6466,0.6378,265.48,3.6899,0.5728,0.4085,3.7877,24657,8.905,215.5646,43.663,1.5348,79.16,8.175,628133,1.717,1.3931,7.1964,1163.99,2.108,1.6123,7.2783,1
2001-02-11,0.9227,108.3,1.9537,0.5795,34.57,7.4611,15.6466,0.6378,265.48,3.6899,0.5728,0.4085,3.7877,24657,8.905,215.5646,43.663,1.5348,79.16,8.175,628133,1.717,1.3931,7.1964,1163.99,2.108,1.6123,7.2783,1
2001-02-12,0.9288,109.22,1.954,0.5795,34.623,7.4616,15.6466,0.6411,265.51,3.7141,0.5754,0.4094,3.7863,24805,8.988,215.6325,43.591,1.5369,79.38,8.21,632000,1.7285,1.4064,7.2442,1174.47,2.1276,1.6223,7.2906,1
2001-02-13,0.9275,108.59,1.9539,0.5796,34.577,7.4608,15.6466,0.6334,265.62,3.711,0.5742,0.409,3.7791,24817,9.02,215.5766,43.612,1.5372,79.4,8.211,631613,1.7252,1.4145,7.2343,1163.69,2.1256,1.6181,7.2778,1
2001-02-14,0.9178,106.61,1.9541,0.5794,34.483,7.4617,15.6466,0.6306,265.54,3.6701,0.5688,0.4068,3.7538,24559,9.0479,215.6163,43.665,1.5355,79.03,8.209,627433,1.7326,1.3969,7.1586,1148.63,2.1277,1.6019,7.2328,1
2001-02-15,0.909,105.51,1.9511,0.5794,34.487,7.4627,15.6466,0.6247,265.67,3.6351,0.5642,0.4056,3.7324,24372,8.9499,215.6559,43.69,1.5315,78.79,8.179,624233,1.7332,1.3901,7.0897,1133.75,2.1398,1.5847,7.1169,1
2001-02-16,0.9113,104.88,1.9472,0.5792,34.45,7.464,15.6466,0.6322,265.67,3.6465,0.5653,0.4059,3.7328,24472,8.95,215.5735,43.752,1.537,78.76,8.189,626500,1.7263,1.3991,7.1078,1131.79,2.126,1.5832,7.1499,1
2001-02-17,0.9113,104.88,1.9472,0.5792,34.45,7.464,15.6466,0.6322,265.67,3.6465,0.5653,0.4059,3.7328,24472,8.95,215.5735,43.752,1.537,78.76,8.189,626500,1.7263,1.3991,7.1078,1131.79,2.126,1.5832,7.1499,1
2001-02-18,0.9113,104.88,1.9472,0.5792,34.45,7.464,15.6466,0.6322,265.67,3.6465,0.5653,0.4059,3.7328,24472,8.95,215.5735,43.752,1.537,78.76,8.189,626500,1.7263,1.3991,7.1078,1131.79,2.126,1.5832,7.1499,1
2001-02-19,0.9213,106.71,1.9477,0.5792,34.647,7.4634,15.6466,0.6362,265.67,3.6847,0.5707,0.4078,3.77,24750,8.984,215.3865,43.75,1.5362,79.34,8.196,630533,1.7405,1.4202,7.186,1148.77,2.1355,1.6009,7.138,1
2001-02-20,0.907,104.86,1.9467,0.5792,34.55,7.463,15.6466,0.6286,265.73,3.6275,0.5644,0.4057,3.7305,24416,8.9857,215.6414,43.68,1.5351,78.87,8.226,630067,1.7316,1.3928,7.0744,1118.56,2.1241,1.5779,7.0649,1
2001-02-21,0.9146,106.69,1.9488,0.5791,34.733,7.464,15.6466,0.6308,265.75,3.6583,0.5676,0.4068,3.7736,24604,9.012,215.5385,43.671,1.5361,79.16,8.225,624367,1.7362,1.4097,7.1336,1132,2.1327,1.5956,7.1047,1
2001-02-22,0.9056,105.33,1.9482,0.5792,34.708,7.4645,15.6466,0.6256,266.29,3.6233,0.5632,0.4048,3.7645,24429,9.0543,215.5925,43.805,1.5317,78.84,8.248,1050000,1.7341,1.3916,7.0635,1127.02,2.1196,1.58,7.0928,1
2001-02-23,0.9064,105.7,1.9487,0.5792,34.578,7.4635,15.6466,0.6324,266.12,3.6265,0.5632,0.405,3.7506,24455,9.05,215.4756,43.765,1.5334,78.91,8.244,1052750,1.736,1.3937,7.0696,1131.78,2.1095,1.5819,7.1896,1
2001-02-24,0.9064,105.7,1.9487,0.5792,34.578,7.4635,15.6466,0.6324,266.12,3.6265,0.5632,0.405,3.7506,24455,9.05,215.4756,43.765,1.5334,78.91,8.244,1052750,1.736,1.3937,7.0696,1131.78,2.1095,1.5819,7.1896,1
2001-02-25,0.9064,105.7,1.9487,0.5792,34.578,7.4635,15.6466,0.6324,266.12,3.6265,0.5632,0.405,3.7506,24455,9.05,215.4756,43.765,1.5334,78.91,8.244,1052750,1.736,1.3937,7.0696,1131.78,2.1095,1.5819,7.1896,1
2001-02-26,0.9105,106.07,1.9496,0.5792,34.58,7.4648,15.6466,0.6296,266.2,3.6429,0.5644,0.4056,3.744,24613,9.024,215.5435,43.77,1.5337,79.08,8.22,963500,1.7338,1.3969,7.1018,1136.3,2.0955,1.5879,7.0934,1
2001-02-27,0.9163,106.41,1.9496,0.5792,34.608,7.464,15.6466,0.6356,266.32,3.6661,0.5673,0.4073,3.7505,24754,9.051,215.5218,43.723,1.5368,79.35,8.232,935000,1.7428,1.4012,7.1469,1142.31,2.1125,1.5958,7.0675,1
2001-02-28,0.9248,108.45,1.9506,0.5792,34.642,7.4631,15.6466,0.6379,266.22,3.6999,0.5719,0.4089,3.7367,25018,9.0523,215.3369,43.793,1.5416,79.71,8.245,932000,1.7557,1.4151,7.2133,1159.51,2.1415,1.6121,7.0637,1
2001-03-01,0.9269,108.72,1.9505,0.5793,34.711,7.4629,15.6466,0.6399,266.44,3.7085,0.5731,0.4092,3.7293,25130,9.0065,215.485,43.785,1.5411,79.76,8.2145,886405,1.7554,1.4273,7.2296,1168.82,2.1429,1.6179,7.1689,1
2001-03-02,0.9363,111.55,1.9532,0.5793,34.849,7.4656,15.6466,0.6367,266.46,3.746,0.5769,0.4097,3.7207,25390,9.049,215.6325,43.845,1.5379,80.03,8.233,879033,1.7745,1.4488,7.303,1186.29,2.1453,1.6365,7.2342,1
2001-03-03,0.9363,111.55,1.9532,0.5793,34.849,7.4656,15.6466,0.6367,266.46,3.746,0.5769,0.4097,3.7207,25390,9.049,215.6325,43.845,1.5379,80.03,8.233,879033,1.7745,1.4488,7.303,1186.29,2.1453,1.6365,7.2342,1
2001-03-04,0.9363,111.55,1.9532,0.5793,34.849,7.4656,15.6466,0.6367,266.46,3.746,0.5769,0.4097,3.7207,25390,9.049,215.6325,43.845,1.5379,80.03,8.233,879033,1.7745,1.4488,7.303,1186.29,2.1453,1.6365,7.2342,1
2001-03-05,0.9305,111.14,1.953,0.5792,34.915,7.4652,15.6466,0.632,266.33,3.7224,0.5744,0.4086,3.7137,25253,9.046,215.7575,43.9,1.5376,79.83,8.224,850000,1.7812,1.4362,7.2579,1184.34,2.1537,1.6314,7.1954,1
2001-03-06,0.9279,109.89,1.9543,0.5792,34.787,7.4631,15.6466,0.6363,266.23,3.7122,0.5728,0.4083,3.6954,25189,9.023,215.7347,43.834,1.5373,79.82,8.202,820947,1.7903,1.4314,7.2376,1174.16,2.1645,1.6273,7.3498,1
2001-03-07,0.9307,111.38,1.9543,0.5791,34.888,7.4628,15.6466,0.6354,266.3,3.7237,0.5752,0.4091,3.6802,25273,9.0515,215.9824,43.843,1.5372,80.02,8.215,880000,1.8137,1.4395,7.2592,1185.25,2.1917,1.6352,7.3477,1
2001-03-08,0.9312,111.38,1.9538,0.5791,34.72,7.4635,15.6466,0.6346,266.21,3.7257,0.5752,0.4089,3.7012,25300,9.0615,215.8215,43.77,1.5418,79.93,8.214,880000,1.8321,1.4451,7.2632,1186.12,2.2165,1.6365,7.1837,1
2001-03-09,0.9357,111.71,1.9522,0.5791,34.613,7.4642,15.6466,0.6346,266.23,3.7437,0.5771,0.4098,3.7182,25390,9.065,215.9898,43.708,1.5431,80.12,8.19,862333,1.8268,1.4463,7.2981,1187.4,2.2054,1.6434,7.2098,1
2001-03-10,0.9357,111.71,1.9522,0.5791,34.613,7.4642,15.6466,0.6346,266.23,3.7437,0.5771,0.4098,3.7182,25390,9.065,215.9898,43.708,1.5431,80.12,8.19,862333,1.8268,1.4463,7.2981,1187.4,2.2054,1.6434,7.2098,1
2001-03-11,0.9357,111.71,1.9522,0.5791,34.613,7.4642,15.6466,0.6346,266.23,3.7437,0.5771,0.4098,3.7182,25390,9.065,215.9898,43.708,1.5431,80.12,8.19,862333,1.8268,1.4463,7.2981,1187.4,2.2054,1.6434,7.2098,1
2001-03-12,0.9272,111.44,1.9519,0.579,34.63,7.4651,15.6466,0.6343,266.25,3.7097,0.5741,0.4085,3.6997,25250,9.1602,216.0792,43.679,1.5413,79.92,8.22,860000,1.8253,1.4358,7.2318,1185.89,2.2137,1.632,7.2142,1
2001-03-13,0.9202,110.27,1.9492,0.579,34.64,7.4652,15.6466,0.6305,266.37,3.6808,0.5716,0.4077,3.744,25030,9.152,216.2351,43.75,1.5374,79.77,8.225,866667,1.8293,1.4287,7.1774,1173.26,2.2103,1.6193,7.1429,1
2001-03-14,0.9182,110.06,1.9494,0.5788,34.608,7.4666,15.6466,0.6299,266.49,3.6737,0.5709,0.4069,3.7466,25003,9.1845,216.1227,43.733,1.5361,79.64,8.185,906667,1.8386,1.4202,7.1615,1172.54,2.2048,1.6183,7.1611,1
2001-03-15,0.9064,110.53,1.9492,0.5788,34.563,7.4646,15.6466,0.6257,266.54,3.6265,0.5674,0.4052,3.6987,24716,9.1186,216.275,43.705,1.5387,79.4,8.17,929845,1.8353,1.413,7.0697,1164.72,2.2044,1.6043,7.088,1
2001-03-16,0.8947,109.85,1.9485,0.5787,34.516,7.4649,15.6466,0.6269,266.51,3.5795,0.5621,0.4034,3.6982,24420,9.115,216.1492,43.713,1.5367,79.04,8.175,906667,1.8112,1.4008,6.9779,1154.16,2.1782,1.5896,7.097,1
2001-03-17,0.8947,109.85,1.9485,0.5787,34.516,7.4649,15.6466,0.6269,266.51,3.5795,0.5621,0.4034,3.6982,24420,9.115,216.1492,43.713,1.5367,79.04,8.175,906667,1.8112,1.4008,6.9779,1154.16,2.1782,1.5896,7.097,1
2001-03-18,0.8947,109.85,1.9485,0.5787,34.516,7.4649,15.6466,0.6269,266.51,3.5795,0.5621,0.4034,3.6982,24420,9.115,216.1492,43.713,1.5367,79.04,8.175,906667,1.8112,1.4008,6.9779,1154.16,2.1782,1.5896,7.097,1
2001-03-19,0.8996,109.83,1.9485,0.5792,34.563,7.4643,15.6466,0.6302,266.51,3.5993,0.5643,0.4047,3.7225,24562,9.155,216.4137,43.738,1.5354,79.16,8.125,920617,1.796,1.4098,7.0162,1166.78,2.1378,1.5882,7.1664,1
2001-03-20,0.902,110.64,1.9484,0.579,34.613,7.464,15.6466,0.6335,266.43,3.6083,0.5661,0.4051,3.7093,24647,9.1785,216.2636,43.683,1.5318,79.2,8.133,876833,1.8097,1.412,7.0349,1168.99,2.1657,1.6001,7.2645,1
2001-03-21,0.899,111.25,1.9481,0.5787,34.55,7.4639,15.6466,0.6265,266.49,3.5951,0.5656,0.4045,3.6966,24580,9.2209,216.2497,43.643,1.5338,79.09,8.1175,881300,1.8057,1.4138,7.0115,1171.4,2.159,1.6032,7.1796,1
2001-03-22,0.8889,110.25,1.9465,0.5784,34.428,7.4658,15.6466,0.6242,266.58,3.5547,0.5612,0.403,3.6925,24400,9.2325,216.3283,43.598,1.5283,78.79,8.123,878500,1.8126,1.3975,6.9323,1175.57,2.1549,1.59,7.1173,1
2001-03-23,0.8922,109.69,1.9471,0.5784,34.387,7.4656,15.6466,0.6237,266.58,3.5679,0.5621,0.4033,3.6862,24497,9.19,216.0762,43.613,1.5319,79.02,8.08,889567,1.8117,1.3973,6.9589,1167.89,2.1512,1.592,7.0889,1
2001-03-24,0.8922,109.69,1.9471,0.5784,34.387,7.4656,15.6466,0.6237,266.58,3.5679,0.5621,0.4033,3.6862,24497,9.19,216.0762,43.613,1.5319,79.02,8.08,889567,1.8117,1.3973,6.9589,1167.89,2.1512,1.592,7.0889,1
2001-03-25,0.8922,109.69,1.9471,0.5784,34.387,7.4656,15.6466,0.6237,266.58,3.5679,0.5621,0.4033,3.6862,24497,9.19,216.0762,43.613,1.5319,79.02,8.08,889567,1.8117,1.3973,6.9589,1167.89,2.1512,1.592,7.0889,1
2001-03-26,0.8935,110.08,1.947,0.5784,34.3,7.4651,15.6466,0.6247,266.6,3.5731,0.5625,0.403,3.6772,24530,9.154,216.1516,43.583,1.5328,79.24,8.095,879627,1.8075,1.3952,6.9691,1171.07,2.1827,1.602,7.1011,1
2001-03-27,0.8952,110.16,1.947,0.5787,34.283,7.4637,15.6466,0.6229,266.57,3.5799,0.5634,0.4034,3.682,24591,9.1151,216.105,43.515,1.5347,80.43,8.085,863667,1.7995,1.3962,6.9825,1173.26,2.1683,1.6073,7.1245,1
2001-03-28,0.886,107.81,1.9462,0.5787,34.39,7.463,15.6466,0.6163,266.75,3.5431,0.5586,0.4017,3.6438,24375,9.1798,215.8396,43.614,1.5304,80.66,8.09,881333,1.7919,1.3935,6.9104,1152.69,2.1583,1.592,7.1147,1
2001-03-29,0.884,108.96,1.946,0.5788,34.47,7.4627,15.6466,0.6184,266.73,3.5352,0.558,0.4006,3.6157,24302,9.1657,216.2483,43.63,1.5278,80.19,8.055,964667,1.7941,1.3884,6.8948,1168.65,2.1511,1.5912,7.0811,1
2001-03-30,0.8832,110.74,1.9473,0.5789,34.552,7.4627,15.6466,0.6172,266.72,3.5332,0.5588,0.4012,3.6062,24330,9.15,216.2158,43.663,1.5271,80.84,8.03,899433,1.8158,1.3904,6.8882,1175.54,2.1962,1.5929,7.0386,1
2001-03-31,0.8832,110.74,1.9473,0.5789,34.552,7.4627,15.6466,0.6172,266.72,3.5332,0.5588,0.4012,3.6062,24330,9.15,216.2158,43.663,1.5271,80.84,8.03,899433,1.8158,1.3904,6.8882,1175.54,2.1962,1.5929,7.0386,1
2001-04-01,0.8832,110.74,1.9473,0.5789,34.552,7.4627,15.6466,0.6172,266.72,3.5332,0.5588,0.4012,3.6062,24330,9.15,216.2158,43.663,1.5271,80.84,8.03,899433,1.8158,1.3904,6.8882,1175.54,2.1962,1.5929,7.0386,1
2001-04-02,0.8772,110.83,1.9472,0.5787,34.47,7.4616,15.6466,0.6203,266.78,3.5097,0.5569,0.4003,3.5948,24203,9.1795,216.2249,43.668,1.5264,80.84,8.054,965000,1.8165,1.3808,6.8407,1182.47,2.201,1.5917,7.1465,1
2001-04-03,0.8845,111.36,1.9492,0.5786,34.601,7.4625,15.6466,0.6258,266.73,3.5388,0.5602,0.4018,3.6011,24398,9.184,216.2251,43.56,1.5272,81.54,8.1,1096667,1.8304,1.3974,6.898,1189.65,2.2099,1.604,7.2674,1
2001-04-04,0.9032,113.52,1.9495,0.5786,34.663,7.4658,15.6466,0.6287,266.74,3.6136,0.5684,0.4049,3.6532,24942,9.21,216.1913,43.569,1.5264,82.96,8.1,1104667,1.8549,1.4208,7.0436,1235.58,2.2312,1.6402,7.2729,1
2001-04-05,0.902,112.04,1.9496,0.5787,34.688,7.4641,15.6466,0.6274,266.8,3.6089,0.567,0.4047,3.6243,24963,9.1235,216.2156,43.57,1.5291,83.33,8.16,1103500,1.836,1.4204,7.0343,1217.25,2.2269,1.631,7.2505,1
2001-04-06,0.894,111.38,1.9489,0.5788,34.615,7.4633,15.6466,0.6272,266.83,3.5752,0.5639,0.4036,3.6005,24758,9.134,216.1859,43.54,1.5276,83.01,8.14,1056667,1.8189,1.4075,6.9717,1199.84,2.2175,1.6222,7.2712,1
2001-04-07,0.894,111.38,1.9489,0.5788,34.615,7.4633,15.6466,0.6272,266.83,3.5752,0.5639,0.4036,3.6005,24758,9.134,216.1859,43.54,1.5276,83.01,8.14,1056667,1.8189,1.4075,6.9717,1199.84,2.2175,1.6222,7.2712,1
2001-04-08,0.894,111.38,1.9489,0.5788,34.615,7.4633,15.6466,0.6272,266.83,3.5752,0.5639,0.4036,3.6005,24758,9.134,216.1859,43.54,1.5276,83.01,8.14,1056667,1.8189,1.4075,6.9717,1199.84,2.2175,1.6222,7.2712,1
2001-04-09,0.9018,112.8,1.9473,0.5789,34.573,7.4633,15.6466,0.6211,266.83,3.6063,0.567,0.4041,3.6075,25005,9.1318,216.1567,43.475,1.5293,83.2,8.138,1106333,1.8248,1.4095,7.0331,1207.51,2.2302,1.6381,7.2568,1
2001-04-10,0.8945,111.34,1.9472,0.5788,34.782,7.4634,15.6466,0.6203,266.86,3.5771,0.5635,0.4027,3.5977,24815,9.059,216.1953,43.398,1.5275,82.85,8.104,1150000,1.8063,1.3949,6.9767,1192.37,2.229,1.6215,7.1471,1
2001-04-11,0.884,109.8,1.947,0.5786,34.72,7.4624,15.6466,0.6182,266.96,3.5351,0.5587,0.4011,3.5795,24545,9.006,216.3326,43.409,1.5224,82.33,8.086,1140000,1.7635,1.3765,6.8948,1171.3,2.1856,1.5978,7.115,1
2001-04-12,0.8849,109,1.9461,0.5787,34.45,7.4625,15.6466,0.6197,266.98,3.5387,0.5587,0.4011,3.5618,24600,9.0307,216.3981,43.341,1.5184,82.36,8.075,1124667,1.7425,1.379,6.9015,1164.57,2.1785,1.5928,7.1612,1
2001-04-13,0.8849,109,1.9461,0.5787,34.45,7.4625,15.6466,0.6166,266.98,3.5387,0.5587,0.4011,3.5618,24600,9.02,216.3981,43.341,1.5184,82.36,8.075,1124667,1.7425,1.379,6.9015,1164.57,2.1785,1.5928,7.1253,1
2001-04-14,0.8849,109,1.9461,0.5787,34.45,7.4625,15.6466,0.6166,266.98,3.5387,0.5587,0.4011,3.5618,24600,9.02,216.3981,43.341,1.5184,82.36,8.075,1124667,1.7425,1.379,6.9015,1164.57,2.1785,1.5928,7.1253,1
2001-04-15,0.8849,109,1.9461,0.5787,34.45,7.4625,15.6466,0.6166,266.98,3.5387,0.5587,0.4011,3.5618,24600,9.02,216.3981,43.341,1.5184,82.36,8.075,1124667,1.7425,1.379,6.9015,1164.57,2.1785,1.5928,7.1253,1
2001-04-16,0.8849,109,1.9461,0.5787,34.45,7.4625,15.6466,0.6181,266.98,3.5387,0.5587,0.4011,3.5618,24600,9.042,216.3981,43.341,1.5184,82.36,8.075,1124667,1.7425,1.379,6.9015,1164.57,2.1785,1.5928,7.1126,1
2001-04-17,0.8791,108.75,1.9467,0.5783,34.402,7.4624,15.6466,0.6163,266.98,3.5155,0.5562,0.3998,3.5502,24530,9.0515,216.4722,43.37,1.5225,82.39,8.097,1068110,1.7404,1.3727,6.8566,1164.37,2.1725,1.5901,7.1547,1
2001-04-18,0.8778,107.82,1.946,0.5785,34.392,7.4619,15.6466,0.6186,266.99,3.5104,0.5543,0.4002,3.5377,24522,9.0365,216.4819,43.323,1.5285,82.6,8.055,1105567,1.7676,1.377,6.8466,1154.31,2.1805,1.5839,7.1909,1
2001-04-19,0.8827,107.49,1.9461,0.5784,34.413,7.4621,15.6466,0.6207,267.04,3.5308,0.5556,0.4008,3.548,24722,9.0065,216.4954,43.28,1.529,82.98,8.08,1069037,1.7422,1.3731,6.8845,1145.74,2.176,1.5924,7.2616,1
2001-04-20,0.8989,110.18,1.9465,0.5784,34.503,7.4635,15.6466,0.6248,267.06,3.5956,0.5637,0.4037,3.5972,25167,9.08,216.4479,43.405,1.5311,83.89,8.115,1104000,1.7437,1.3891,7.0108,1180.26,2.1885,1.632,7.3685,1
2001-04-21,0.8989,110.18,1.9465,0.5784,34.503,7.4635,15.6466,0.6248,267.06,3.5956,0.5637,0.4037,3.5972,25167,9.08,216.4479,43.405,1.5311,83.89,8.115,1104000,1.7437,1.3891,7.0108,1180.26,2.1885,1.632,7.3685,1
2001-04-22,0.8989,110.18,1.9465,0.5784,34.503,7.4635,15.6466,0.6248,267.06,3.5956,0.5637,0.4037,3.5972,25167,9.08,216.4479,43.405,1.5311,83.89,8.115,1104000,1.7437,1.3891,7.0108,1180.26,2.1885,1.632,7.3685,1
2001-04-23,0.9002,109.71,1.947,0.5786,34.388,7.4636,15.6466,0.6235,267.11,3.6008,0.5637,0.404,3.6402,25217,9.1555,216.3992,43.421,1.5311,84.29,8.15,1104283,1.7794,1.3912,7.0207,1182.86,2.198,1.6291,7.2982,1
2001-04-24,0.8973,109.14,1.9465,0.5785,34.457,7.4632,15.6466,0.6237,267.17,3.5889,0.5614,0.4035,3.6233,25149,9.176,216.4589,43.428,1.5282,84.36,8.15,1121333,1.7823,1.3896,6.9981,1172.32,2.2044,1.6268,7.2151,1
2001-04-25,0.8947,109.55,1.9462,0.5783,34.634,7.4637,15.6466,0.6228,267.11,3.5779,0.5609,0.4035,3.5986,25146,9.1592,216.4737,43.45,1.532,84.24,8.156,1075833,1.775,1.3804,6.9781,1170.09,2.1863,1.6258,7.2582,1
2001-04-26,0.9013,110.36,1.9472,0.5785,34.622,7.4639,15.6466,0.6263,267.22,3.6046,0.5639,0.4041,3.6025,25348,9.1094,216.7356,43.449,1.5334,84.6,8.1535,1116667,1.7747,1.3922,7.0295,1186.56,2.1903,1.637,7.204,1
2001-04-27,0.9023,112.01,1.9482,0.5785,34.645,7.4645,15.6466,0.6212,267.32,3.6083,0.5653,0.4044,3.5732,25443,9.08,216.6871,43.575,1.5378,84.99,8.1025,1050000,1.7631,1.3929,7.0374,1197.35,2.1828,1.6417,7.1044,1
2001-04-28,0.9023,112.01,1.9482,0.5785,34.645,7.4645,15.6466,0.6212,267.32,3.6083,0.5653,0.4044,3.5732,25443,9.08,216.6871,43.575,1.5378,84.99,8.1025,1050000,1.7631,1.3929,7.0374,1197.35,2.1828,1.6417,7.1044,1
2001-04-29,0.9023,112.01,1.9482,0.5785,34.645,7.4645,15.6466,0.6212,267.32,3.6083,0.5653,0.4044,3.5732,25443,9.08,216.6871,43.575,1.5378,84.99,8.1025,1050000,1.7631,1.3929,7.0374,1197.35,2.1828,1.6417,7.1044,1
2001-04-30,0.8876,109.67,1.9482,0.5786,34.526,7.4644,15.6466,0.62,267.32,3.549,0.5591,0.4024,3.5254,25060,9.1049,216.5875,43.45,1.5366,85.8,8.0775,1017000,1.7476,1.37,6.9223,1171.19,2.1637,1.6157,7.1241,1
2001-05-01,0.8876,109.67,1.9482,0.5786,34.526,7.4644,15.6466,0.622,267.32,3.549,0.5591,0.4024,3.5254,25060,9.1082,216.5875,43.45,1.5366,85.8,8.08,1017000,1.7476,1.37,6.9223,1171.19,2.1637,1.6157,7.1391,1
2001-05-02,0.8907,108.81,1.948,0.5785,34.668,7.4645,15.6466,0.6237,267.24,3.5619,0.5598,0.4026,3.5283,25167,9.1265,216.5883,43.448,1.5416,89.17,8.082,1130000,1.7158,1.3641,6.9469,1163.7,2.1109,1.6171,7.1653,1
2001-05-03,0.8903,108.24,1.9476,0.5785,34.635,7.4646,15.6466,0.6195,267.3,3.5616,0.5593,0.4024,3.5243,25182,9.1215,216.5632,43.357,1.5419,91.09,8.082,1039000,1.7078,1.3656,6.9436,1152.94,2.1117,1.6208,7.1959,1
2001-05-04,0.8939,108.19,1.9479,0.5783,34.63,7.4651,15.6466,0.6202,262.24,3.5748,0.5607,0.4029,3.5347,25285,9.13,216.4874,43.252,1.5434,91.91,8.082,1020720,1.7157,1.3686,6.9718,1154.92,2.1145,1.6294,7.1689,1
2001-05-05,0.8939,108.19,1.9479,0.5783,34.63,7.4651,15.6466,0.6202,262.24,3.5748,0.5607,0.4029,3.5347,25285,9.13,216.4874,43.252,1.5434,91.91,8.082,1020720,1.7157,1.3686,6.9718,1154.92,2.1145,1.6294,7.1689,1
2001-05-06,0.8939,108.19,1.9479,0.5783,34.63,7.4651,15.6466,0.6202,262.24,3.5748,0.5607,0.4029,3.5347,25285,9.13,216.4874,43.252,1.5434,91.91,8.082,1020720,1.7157,1.3686,6.9718,1154.92,2.1145,1.6294,7.1689,1
2001-05-07,0.8919,108.2,1.9478,0.5782,34.54,7.4648,15.6466,0.6193,260.28,3.5672,0.56,0.4023,3.521,25258,9.13,216.5919,43.243,1.5432,90.53,8.082,1011383,1.72,1.3686,6.9563,1156.44,2.1158,1.6238,7.1171,1
2001-05-08,0.8866,108.21,1.9479,0.5782,34.485,7.4643,15.6466,0.6201,258.48,3.546,0.5582,0.4015,3.5002,25120,9.113,217.2649,43.259,1.5419,88.69,8.082,1015000,1.7051,1.3677,6.9151,1155.24,2.1002,1.618,7.0617,1
2001-05-09,0.8827,107.5,1.9479,0.5782,34.423,7.4641,15.6466,0.6228,258.33,3.5292,0.5567,0.4015,3.4942,25011,9.091,217.4417,43.253,1.5401,86.21,8.082,1021600,1.6948,1.3602,6.8848,1149.1,2.087,1.608,7.0326,1
2001-05-10,0.885,108.17,1.9475,0.5783,34.417,7.4635,15.6466,0.6193,258.57,3.5392,0.5576,0.4022,3.5213,25280,9.0385,217.3868,43.258,1.5404,86.44,8.045,1015800,1.6923,1.3627,6.9028,1155.81,2.087,1.6072,6.9959,1
2001-05-11,0.8773,107.35,1.9467,0.5784,34.39,7.462,15.6466,0.6175,257.41,3.5089,0.5538,0.4004,3.4925,24920,9.025,217.4582,43.243,1.5353,86.54,8.04,1009000,1.6742,1.3529,6.8427,1137.86,2.0625,1.5897,6.9995,1
2001-05-12,0.8773,107.35,1.9467,0.5784,34.39,7.462,15.6466,0.6175,257.41,3.5089,0.5538,0.4004,3.4925,24920,9.025,217.4582,43.243,1.5353,86.54,8.04,1009000,1.6742,1.3529,6.8427,1137.86,2.0625,1.5897,6.9995,1
2001-05-13,0.8773,107.35,1.9467,0.5784,34.39,7.462,15.6466,0.6175,257.41,3.5089,0.5538,0.4004,3.4925,24920,9.025,217.4582,43.243,1.5353,86.54,8.04,1009000,1.6742,1.3529,6.8427,1137.86,2.0625,1.5897,6.9995,1
2001-05-14,0.8745,107.62,1.9463,0.5785,34.378,7.4613,15.6466,0.6156,257.38,3.4984,0.5526,0.3999,3.5173,24870,9.0035,217.4656,43.228,1.5327,85.99,7.988,999700,1.6907,1.358,6.821,1134.58,2.0898,1.5892,6.9727,1
2001-05-15,0.8768,108.35,1.9468,0.5782,34.417,7.4614,15.6466,0.6165,258.25,3.5082,0.5534,0.4003,3.5198,24963,9.0104,217.4657,43.188,1.5319,87.41,7.988,998500,1.6962,1.3621,6.839,1142.91,2.1021,1.5949,7.027,1
2001-05-16,0.8834,109.26,1.9465,0.5781,34.35,7.4621,15.6466,0.6177,258.46,3.5351,0.5561,0.4013,3.5188,25185,9.0522,217.5858,43.24,1.5329,88.44,7.988,997000,1.6922,1.3666,6.8904,1156.37,2.1062,1.6016,7.0757,1
2001-05-17,0.8815,108.58,1.9465,0.5778,34.323,7.4621,15.6466,0.616,257.45,3.5269,0.5549,0.4007,3.5027,25127,9.0265,217.4837,43.213,1.533,88.02,8.002,983000,1.6688,1.354,6.8755,1147.71,2.0712,1.5946,7.0093,1
2001-05-18,0.8777,108.35,1.9462,0.5775,34.354,7.4609,15.6466,0.612,257.95,3.5117,0.5532,0.3997,3.4847,25020,9.006,217.6239,43.278,1.5341,88.35,7.963,977200,1.6687,1.3486,6.8459,1144.52,2.0594,1.5886,6.9548,1
2001-05-19,0.8777,108.35,1.9462,0.5775,34.354,7.4609,15.6466,0.612,257.95,3.5117,0.5532,0.3997,3.4847,25020,9.006,217.6239,43.278,1.5341,88.35,7.963,977200,1.6687,1.3486,6.8459,1144.52,2.0594,1.5886,6.9548,1
2001-05-20,0.8777,108.35,1.9462,0.5775,34.354,7.4609,15.6466,0.612,257.95,3.5117,0.5532,0.3997,3.4847,25020,9.006,217.6239,43.278,1.5341,88.35,7.963,977200,1.6687,1.3486,6.8459,1144.52,2.0594,1.5886,6.9548,1
2001-05-21,0.8754,107.79,1.9466,0.5773,34.327,7.4608,15.6466,0.6091,258.52,3.5025,0.5518,0.3987,3.4945,25078,8.9432,217.3968,43.229,1.5316,87.9,7.963,976000,1.6575,1.3432,6.8279,1139.77,2.0508,1.5856,6.9082,1
2001-05-22,0.8685,106.96,1.9461,0.5772,34.259,7.4592,15.6466,0.6051,258.43,3.4745,0.5486,0.3976,3.4675,24799,8.9665,217.4475,43.265,1.5317,87.49,7.963,962250,1.6593,1.3361,6.7741,1129.05,2.0457,1.5733,6.8268,1
2001-05-23,0.8585,104.01,1.9461,0.5771,34.233,7.4593,15.6466,0.6028,257.21,3.4351,0.5432,0.3959,3.432,24537,9.033,217.5566,43.11,1.5269,86.97,7.935,957000,1.6575,1.3269,6.6962,1104.46,2.0322,1.5498,6.806,1
2001-05-24,0.8604,103.15,1.9462,0.5771,34.271,7.4584,15.6466,0.6086,256.76,3.4425,0.5442,0.3967,3.4392,24659,9.0323,217.6081,42.94,1.5269,86.94,7.91,960800,1.6713,1.3345,6.7109,1105.61,2.0527,1.5516,6.8251,1
2001-05-25,0.8591,103.54,1.9461,0.577,34.288,7.4592,15.6466,0.6052,255.35,3.4373,0.5435,0.3961,3.4325,24618,9.05,217.5566,42.815,1.5272,87.16,7.898,953000,1.6485,1.324,6.7008,1107.47,2.0303,1.5545,6.7948,1
2001-05-26,0.8591,103.54,1.9461,0.577,34.288,7.4592,15.6466,0.6052,255.35,3.4373,0.5435,0.3961,3.4325,24618,9.05,217.5566,42.815,1.5272,87.16,7.898,953000,1.6485,1.324,6.7008,1107.47,2.0303,1.5545,6.7948,1
2001-05-27,0.8591,103.54,1.9461,0.577,34.288,7.4592,15.6466,0.6052,255.35,3.4373,0.5435,0.3961,3.4325,24618,9.05,217.5566,42.815,1.5272,87.16,7.898,953000,1.6485,1.324,6.7008,1107.47,2.0303,1.5545,6.7948,1
2001-05-28,0.8584,103.98,1.9461,0.577,34.318,7.4582,15.6466,0.6054,255.35,3.4345,0.5436,0.3961,3.4527,24640,9.0514,217.5324,42.863,1.5272,87.05,7.898,957000,1.6505,1.3253,6.6954,1110.77,2.023,1.5554,6.7911,1
2001-05-29,0.8552,102.88,1.9461,0.5769,34.219,7.4575,15.6466,0.6016,254,3.4217,0.5416,0.3955,3.4529,24540,9.0495,217.5675,42.938,1.526,88.24,7.9104,956700,1.6608,1.3167,6.6704,1102.78,2.0285,1.5449,6.7962,1
2001-05-30,0.8558,102.77,1.9466,0.5766,34.136,7.4567,15.6466,0.5992,253.65,3.4241,0.5419,0.3954,3.4274,24552,9.0765,217.9477,42.881,1.5252,89.36,7.9093,982000,1.6673,1.3194,6.6751,1103.98,2.0467,1.5484,6.8546,1
2001-05-31,0.848,101,1.947,0.5768,34.195,7.4556,15.6466,0.5963,253.75,3.3927,0.5377,0.3937,3.393,24392,9.1225,217.6353,42.939,1.5206,88.81,7.92,995000,1.6727,1.3146,6.6142,1086.29,2.0628,1.5346,6.7674,1
2001-06-01,0.8478,100.62,1.9469,0.5762,34.053,7.4564,15.6466,0.5964,253.55,3.3921,0.5379,0.3937,3.3781,24371,9.225,217.7282,42.898,1.5209,87.84,7.9944,974500,1.666,1.3009,6.6126,1088.58,2.06,1.5342,6.805,1
2001-06-02,0.8478,100.62,1.9469,0.5762,34.053,7.4564,15.6466,0.5964,253.55,3.3921,0.5379,0.3937,3.3781,24371,9.225,217.7282,42.898,1.5209,87.84,7.9944,974500,1.666,1.3009,6.6126,1088.58,2.06,1.5342,6.805,1
2001-06-03,0.8478,100.62,1.9469,0.5762,34.053,7.4564,15.6466,0.5964,253.55,3.3921,0.5379,0.3937,3.3781,24371,9.225,217.7282,42.898,1.5209,87.84,7.9944,974500,1.666,1.3009,6.6126,1088.58,2.06,1.5342,6.805,1
2001-06-04,0.8513,101.9,1.9472,0.5764,34.018,7.456,15.6466,0.5984,253.54,3.4061,0.5399,0.3945,3.383,24505,9.231,217.6603,42.895,1.5218,87.9,7.9775,970000,1.6695,1.3046,6.6392,1093.49,2.0645,1.5445,6.802,1
2001-06-05,0.8465,101.44,1.9469,0.576,33.955,7.456,15.6466,0.6039,251.61,3.3868,0.5375,0.3939,3.373,24375,9.2029,217.7237,42.889,1.5142,89.22,7.97,990000,1.6675,1.3005,6.6025,1089.02,2.059,1.533,6.8381,1
2001-06-06,0.8543,103.13,1.947,0.576,34.127,7.4577,15.6466,0.6091,250.35,3.4172,0.5419,0.3961,3.409,24617,9.249,217.6677,42.92,1.5181,89.01,7.9475,1005900,1.6589,1.3047,6.6634,1098.2,2.0581,1.548,6.8422,1
2001-06-07,0.8466,101.7,1.9465,0.5758,34.075,7.4564,15.6466,0.6106,249.07,3.3864,0.5383,0.396,3.3765,24432,9.3069,217.6993,42.98,1.5236,88.22,7.9488,987000,1.6375,1.2878,6.6031,1090.25,2.051,1.532,6.8569,1
2001-06-08,0.8468,102.14,1.9464,0.5756,34.081,7.4546,15.6466,0.6163,250.58,3.3875,0.5381,0.3958,3.3728,24460,9.3053,217.5246,43.012,1.5219,88.53,7.95,987500,1.6187,1.2864,6.6043,1088.56,2.0266,1.533,6.8601,1
2001-06-09,0.8468,102.14,1.9464,0.5756,34.081,7.4546,15.6466,0.6163,250.58,3.3875,0.5381,0.3958,3.3728,24460,9.3053,217.5246,43.012,1.5219,88.53,7.95,987500,1.6187,1.2864,6.6043,1088.56,2.0266,1.533,6.8601,1
2001-06-10,0.8468,102.14,1.9464,0.5756,34.081,7.4546,15.6466,0.6163,250.58,3.3875,0.5381,0.3958,3.3728,24460,9.3053,217.5246,43.012,1.5219,88.53,7.95,987500,1.6187,1.2864,6.6043,1088.56,2.0266,1.533,6.8601,1
2001-06-11,0.8494,103.39,1.9467,0.5755,34.048,7.4544,15.6466,0.6141,250.15,3.3969,0.5402,0.3963,3.376,24555,9.2839,217.7358,43.027,1.5228,88.69,7.953,1003428,1.6157,1.2884,6.6244,1092.33,2.0236,1.5395,6.8317,1
2001-06-12,0.8474,103.16,1.9462,0.5753,33.905,7.4547,15.6466,0.6209,248.8,3.3892,0.5389,0.3962,3.3433,24468,9.3134,217.7257,42.945,1.5222,88.79,7.95,1008748,1.6137,1.2915,6.6086,1093.15,2.0236,1.5391,6.8702,1
2001-06-13,0.8542,104.28,1.947,0.5752,33.99,7.4557,15.6466,0.614,247.58,3.4157,0.5427,0.3978,3.3838,24685,9.2371,217.8758,43.031,1.528,89.57,7.996,1038000,1.6221,1.3014,6.6618,1104.48,2.0316,1.5518,6.8929,1
2001-06-14,0.8492,103.52,1.947,0.5751,33.873,7.4555,15.6466,0.6156,247.1,3.3955,0.5395,0.3959,3.3633,24580,9.2323,217.8503,42.852,1.5254,89.65,7.975,1018333,1.6212,1.2925,6.6227,1097.17,2.0468,1.5432,6.9288,1
2001-06-15,0.8662,104.74,1.9473,0.575,34,7.4555,15.6466,0.6155,246.15,3.4641,0.5458,0.3986,3.4117,25058,9.203,217.7753,42.892,1.5255,90.76,7.975,1030000,1.6426,1.3244,6.7556,1119.13,2.07,1.5691,6.8846,1
2001-06-16,0.8662,104.74,1.9473,0.575,34,7.4555,15.6466,0.6155,246.15,3.4641,0.5458,0.3986,3.4117,25058,9.203,217.7753,42.892,1.5255,90.76,7.975,1030000,1.6426,1.3244,6.7556,1119.13,2.07,1.5691,6.8846,1
2001-06-17,0.8662,104.74,1.9473,0.575,34,7.4555,15.6466,0.6155,246.15,3.4641,0.5458,0.3986,3.4117,25058,9.203,217.7753,42.892,1.5255,90.76,7.975,1030000,1.6426,1.3244,6.7556,1119.13,2.07,1.5691,6.8846,1
2001-06-18,0.8581,105.71,1.9469,0.5751,33.963,7.4554,15.6466,0.6123,245.74,3.4315,0.5436,0.3973,3.4023,24863,9.0427,217.9914,42.93,1.5292,90.49,7.945,1046000,1.6444,1.3122,6.6928,1115.96,2.0735,1.5588,6.9166,1
2001-06-19,0.8563,105.43,1.9467,0.5752,33.903,7.4551,15.6466,0.6095,246.27,3.4243,0.5427,0.3971,3.3977,24804,9.1202,218.0567,42.93,1.53,90.58,7.9,1048000,1.638,1.3124,6.6788,1116.62,2.067,1.5563,6.8808,1
2001-06-20,0.8513,105,1.9465,0.5748,33.927,7.455,15.6466,0.612,246.7,3.4042,0.5414,0.3961,3.4037,24697,9.1327,218.0433,42.89,1.5248,91.6,7.9,1069000,1.644,1.3072,6.6397,1103.28,2.062,1.5502,6.9113,1
2001-06-21,0.8552,106.12,1.947,0.5747,34.032,7.4552,15.6466,0.6026,245.16,3.4199,0.544,0.3959,3.4107,24852,9.1692,218.0321,42.805,1.5204,91.05,7.9,1098000,1.654,1.3076,6.6701,1113.47,2.073,1.5581,6.8868,1
2001-06-22,0.8528,105.98,1.9475,0.5746,33.94,7.4531,15.6466,0.6067,243.88,3.4104,0.5425,0.3952,3.3918,24745,9.161,218.1335,42.612,1.5168,89.81,7.883,1086000,1.651,1.3002,6.6516,1111.41,2.0635,1.5528,6.8719,1
2001-06-23,0.8528,105.98,1.9475,0.5746,33.94,7.4531,15.6466,0.6067,243.88,3.4104,0.5425,0.3952,3.3918,24745,9.161,218.1335,42.612,1.5168,89.81,7.883,1086000,1.651,1.3002,6.6516,1111.41,2.0635,1.5528,6.8719,1
2001-06-24,0.8528,105.98,1.9475,0.5746,33.94,7.4531,15.6466,0.6067,243.88,3.4104,0.5425,0.3952,3.3918,24745,9.161,218.1335,42.612,1.5168,89.81,7.883,1086000,1.651,1.3002,6.6516,1111.41,2.0635,1.5528,6.8719,1
2001-06-25,0.8607,106.71,1.9473,0.5744,33.885,7.4535,15.6466,0.608,243.35,3.442,0.5465,0.3969,3.4059,25025,9.1416,217.993,42.681,1.5202,89.49,7.926,1120000,1.663,1.3099,6.7131,1121.49,2.085,1.5654,6.8864,1
2001-06-26,0.8611,106.71,1.9476,0.5743,33.83,7.4522,15.6466,0.6093,243.35,3.4453,0.5445,0.3971,3.4047,25055,9.2233,218.4257,42.381,1.5222,88.93,7.9025,1093000,1.6621,1.3085,6.7165,1119,2.0645,1.5672,6.91,1
2001-06-27,0.8622,107.05,1.948,0.5744,33.86,7.4479,15.6466,0.6066,243.57,3.4497,0.545,0.3972,3.41,25115,9.2552,218.1883,42.33,1.5223,88.88,7.91,1078667,1.6587,1.3033,6.7248,1119.14,2.0632,1.5701,6.9132,1
2001-06-28,0.8511,106.15,1.9478,0.5744,33.78,7.447,15.6466,0.5996,242.18,3.405,0.5407,0.395,3.3727,24817,9.1885,218.1372,42.18,1.5193,88.71,7.905,1081333,1.6635,1.2955,6.6382,1108.98,2.0665,1.5519,6.8002,1
2001-06-29,0.848,105.37,1.9474,0.5743,33.78,7.4444,15.6466,0.6001,243.63,3.3926,0.5391,0.3946,3.3696,24719,9.227,218.4195,42.265,1.5228,88.92,7.905,1067000,1.6735,1.2927,6.6143,1102.82,2.1045,1.5451,6.8198,1
2001-06-30,0.848,105.37,1.9474,0.5743,33.78,7.4444,15.6466,0.6001,243.63,3.3926,0.5391,0.3946,3.3696,24719,9.227,218.4195,42.265,1.5228,88.92,7.905,1067000,1.6735,1.2927,6.6143,1102.82,2.1045,1.5451,6.8198,1
2001-07-01,0.848,105.37,1.9474,0.5743,33.78,7.4444,15.6466,0.6001,243.63,3.3926,0.5391,0.3946,3.3696,24719,9.227,218.4195,42.265,1.5228,88.92,7.905,1067000,1.6735,1.2927,6.6143,1102.82,2.1045,1.5451,6.8198,1
2001-07-02,0.8455,105.16,1.9473,0.5742,33.8,7.4449,15.6466,0.5978,242.85,3.3828,0.5382,0.3934,3.3973,24696,9.2685,218.3238,42.16,1.5209,87.76,7.93,1063000,1.6612,1.28,6.5946,1099.15,2.0843,1.5408,6.7677,1
2001-07-03,0.8497,105.43,1.9469,0.5741,33.767,7.4457,15.6466,0.6014,242.58,3.3989,0.5402,0.3946,3.3829,24790,9.2095,218.1227,42.133,1.5236,88.02,7.945,1082000,1.6423,1.284,6.6275,1098.24,2.078,1.5486,6.7972,1
2001-07-04,0.8453,105.16,1.947,0.574,33.762,7.4443,15.6466,0.6012,240.9,3.382,0.5494,0.3947,3.3773,24658,9.2025,218.3365,41.95,1.5194,88.19,7.945,1080000,1.6282,1.2776,6.5932,1095.09,2.0789,1.5414,6.8395,1
2001-07-05,0.8422,105.74,1.9465,0.574,33.755,7.4427,15.6466,0.5959,242.4,3.369,0.5382,0.3933,3.3923,24576,9.2055,218.6776,41.951,1.5216,87.17,7.945,1075000,1.6268,1.2729,6.569,1091.07,2.0821,1.537,6.8171,1
2001-07-06,0.8384,105.65,1.9467,0.574,33.961,7.4422,15.6466,0.604,250.55,3.3543,0.5367,0.3922,3.535,24524,9.2693,218.5116,42.402,1.522,86.66,7.945,1113000,1.6578,1.2698,6.5394,1084.89,2.0861,1.5322,6.9744,1
2001-07-07,0.8384,105.65,1.9467,0.574,33.961,7.4422,15.6466,0.604,250.55,3.3543,0.5367,0.3922,3.535,24524,9.2693,218.5116,42.402,1.522,86.66,7.945,1113000,1.6578,1.2698,6.5394,1084.89,2.0861,1.5322,6.9744,1
2001-07-08,0.8384,105.65,1.9467,0.574,33.961,7.4422,15.6466,0.604,250.55,3.3543,0.5367,0.3922,3.535,24524,9.2693,218.5116,42.402,1.522,86.66,7.945,1113000,1.6578,1.2698,6.5394,1084.89,2.0861,1.5322,6.9744,1
2001-07-09,0.8459,106.19,1.9468,0.574,34.068,7.4434,15.6466,0.6028,254.05,3.3824,0.5396,0.3939,3.6702,24723,9.2789,218.8261,42.571,1.5196,87.05,7.931,1102000,1.6724,1.2841,6.5979,1095.86,2.0946,1.5475,6.9431,1
2001-07-10,0.8545,107.28,1.9465,0.5737,33.902,7.4438,15.6466,0.6056,252.15,3.4177,0.5438,0.3957,3.6913,25003,9.285,218.6537,42.561,1.5238,87.45,7.943,1120100,1.674,1.298,6.665,1108.71,2.098,1.5672,7.0618,1
2001-07-11,0.8611,107.21,1.947,0.5738,33.973,7.4424,15.6466,0.6084,256.44,3.444,0.5459,0.3968,3.825,25177,9.2849,218.767,42.691,1.5194,87.71,7.975,1180000,1.6842,1.3102,6.7165,1125.03,2.1105,1.5804,7.0829,1
2001-07-12,0.8538,106.16,1.9468,0.5741,33.883,7.4425,15.6466,0.6063,256.95,3.416,0.5428,0.3959,3.7167,25002,9.2449,218.9185,42.68,1.5138,88.07,7.945,1132450,1.6927,1.3024,6.6594,1108.23,2.1126,1.5654,7.053,1
2001-07-13,0.8539,106.12,1.9461,0.5743,33.785,7.442,15.6466,0.609,254.85,3.4161,0.543,0.3961,3.62,25000,9.226,218.8118,42.571,1.5118,87.69,7.948,1144033,1.6821,1.3093,6.66,1113.49,2.099,1.5678,7.0345,1
2001-07-14,0.8539,106.12,1.9461,0.5743,33.785,7.442,15.6466,0.609,254.85,3.4161,0.543,0.3961,3.62,25000,9.226,218.8118,42.571,1.5118,87.69,7.948,1144033,1.6821,1.3093,6.66,1113.49,2.099,1.5678,7.0345,1
2001-07-15,0.8539,106.12,1.9461,0.5743,33.785,7.442,15.6466,0.609,254.85,3.4161,0.543,0.3961,3.62,25000,9.226,218.8118,42.571,1.5118,87.69,7.948,1144033,1.6821,1.3093,6.66,1113.49,2.099,1.5678,7.0345,1
2001-07-16,0.8583,107.45,1.9461,0.5743,33.825,7.4443,15.6466,0.6091,254.35,3.4323,0.5458,0.3972,3.6063,25142,9.215,218.8761,42.615,1.5135,87.93,7.981,1175000,1.683,1.3209,6.6947,1124.37,2.1055,1.5764,7.0477,1
2001-07-17,0.8516,106.65,1.9461,0.5743,33.795,7.4444,15.6466,0.6136,252.55,3.4052,0.5428,0.3958,3.592,25017,9.2109,218.8442,42.599,1.5121,87.64,7.99,1277000,1.6811,1.3083,6.6424,1119,2.0996,1.5617,7.0761,1
2001-07-18,0.863,107.8,1.9461,0.5741,33.895,7.4466,15.6466,0.6142,248.63,3.4518,0.5477,0.3978,3.6195,25320,9.2167,218.8193,42.601,1.504,88.1,8.005,1180000,1.6894,1.3242,6.7313,1127.94,2.1118,1.5802,7.1812,1
2001-07-19,0.8723,107.7,1.9466,0.5742,33.908,7.4463,15.6466,0.6099,249.25,3.4896,0.5506,0.3992,3.6833,25690,9.246,218.9614,42.718,1.507,88.4,7.996,1173650,1.6931,1.3432,6.8038,1137.7,2.1062,1.5924,7.2158,1
2001-07-20,0.8776,108.36,1.9466,0.5741,33.878,7.4485,15.6466,0.6091,249.2,3.5113,0.5521,0.3994,3.699,25825,9.2865,218.911,42.739,1.5078,88.54,7.996,1150767,1.7111,1.3531,6.8451,1145.88,2.1239,1.6006,7.1958,1
2001-07-21,0.8776,108.36,1.9466,0.5741,33.878,7.4485,15.6466,0.6091,249.2,3.5113,0.5521,0.3994,3.699,25825,9.2865,218.911,42.739,1.5078,88.54,7.996,1150767,1.7111,1.3531,6.8451,1145.88,2.1239,1.6006,7.1958,1
2001-07-22,0.8776,108.36,1.9466,0.5741,33.878,7.4485,15.6466,0.6091,249.2,3.5113,0.5521,0.3994,3.699,25825,9.2865,218.911,42.739,1.5078,88.54,7.996,1150767,1.7111,1.3531,6.8451,1145.88,2.1239,1.6006,7.1958,1
2001-07-23,0.8676,107.62,1.9465,0.574,33.798,7.4471,15.6466,0.6116,246.68,3.4706,0.5481,0.3979,3.644,25566,9.2965,218.9239,42.68,1.5055,88.18,7.99,1147000,1.7103,1.34,6.7671,1138.73,2.118,1.5831,7.1177,1
2001-07-24,0.8708,108.07,1.9462,0.5737,33.874,7.4447,15.6466,0.6139,247.27,3.4839,0.5499,0.3989,3.6677,25693,9.308,218.7672,42.711,1.5064,88.43,7.997,1137000,1.7152,1.3401,6.7921,1140.75,2.1224,1.584,7.1629,1
2001-07-25,0.8793,108.9,1.9462,0.574,33.863,7.4443,15.6466,0.6163,246.59,3.5181,0.5534,0.4003,3.6853,25940,9.339,218.9625,42.811,1.5054,88.73,8.015,1155000,1.7363,1.3506,6.8583,1147.49,2.1379,1.5989,7.2286,1
2001-07-26,0.8764,108.58,1.946,0.5741,33.882,7.4455,15.6466,0.6149,246.35,3.5062,0.5524,0.3997,3.6807,25914,9.285,218.9854,43.041,1.5107,88.35,8.015,1162000,1.724,1.3465,6.8357,1134.94,2.1236,1.5821,7.1503,1
2001-07-27,0.8768,108.65,1.9467,0.574,33.874,7.4454,15.6466,0.6162,247.27,3.5078,0.5523,0.3997,3.6867,25928,9.2634,219.1594,43.067,1.5081,87.86,8.015,1164000,1.7323,1.3426,6.8387,1135.46,2.1328,1.5769,7.2171,1
2001-07-28,0.8768,108.65,1.9467,0.574,33.874,7.4454,15.6466,0.6162,247.27,3.5078,0.5523,0.3997,3.6867,25928,9.2634,219.1594,43.067,1.5081,87.86,8.015,1164000,1.7323,1.3426,6.8387,1135.46,2.1328,1.5769,7.2171,1
2001-07-29,0.8768,108.65,1.9467,0.574,33.874,7.4454,15.6466,0.6162,247.27,3.5078,0.5523,0.3997,3.6867,25928,9.2634,219.1594,43.067,1.5081,87.86,8.015,1164000,1.7323,1.3426,6.8387,1135.46,2.1328,1.5769,7.2171,1
2001-07-30,0.8751,109.45,1.9467,0.574,33.87,7.4453,15.6466,0.6127,247.08,3.502,0.5524,0.3995,3.694,25890,9.2462,219.2708,43.193,1.5114,87.87,7.989,1163000,1.7314,1.3407,6.8254,1137.63,2.1269,1.5773,7.1843,1
2001-07-31,0.8755,109.3,1.9461,0.5739,33.98,7.4475,15.6466,0.6146,247.75,3.5022,0.552,0.3996,3.7103,25927,9.2758,219.2314,43.302,1.5102,87.85,7.982,1163000,1.7282,1.3389,6.8286,1136.4,2.1304,1.5791,7.2208,1
2001-08-01,0.8817,109.85,1.9462,0.5739,34.003,7.4492,15.6466,0.6139,248.14,3.5268,0.5547,0.4005,3.7528,26152,9.2876,219.1926,43.261,1.5106,86.84,7.982,1175000,1.7188,1.3553,6.8769,1139.16,2.131,1.5898,7.2572,1
2001-08-02,0.8788,109.02,1.9468,0.5739,34.002,7.4483,15.6466,0.6168,248.72,3.5152,0.5534,0.4001,3.755,26131,9.2195,219.2893,43.041,1.5094,86.62,7.9821,1178000,1.6951,1.3515,6.854,1128.38,2.1005,1.5665,7.2494,1
2001-08-03,0.8806,109.05,1.9475,0.5739,33.93,7.4476,15.6466,0.6186,248,3.5234,0.5547,0.4005,3.7297,26148,9.275,219.2738,42.95,1.5076,86.55,7.9821,1181000,1.702,1.3516,6.868,1130.69,2.111,1.5661,7.2782,1
2001-08-04,0.8806,109.05,1.9475,0.5739,33.93,7.4476,15.6466,0.6186,248,3.5234,0.5547,0.4005,3.7297,26148,9.275,219.2738,42.95,1.5076,86.55,7.9821,1181000,1.702,1.3516,6.868,1130.69,2.111,1.5661,7.2782,1
2001-08-05,0.8806,109.05,1.9475,0.5739,33.93,7.4476,15.6466,0.6186,248,3.5234,0.5547,0.4005,3.7297,26148,9.275,219.2738,42.95,1.5076,86.55,7.9821,1181000,1.702,1.3516,6.868,1130.69,2.111,1.5661,7.2782,1
2001-08-06,0.8805,109.08,1.9472,0.5739,33.919,7.4471,15.6466,0.6205,247.06,3.5226,0.5552,0.4008,3.7267,26159,9.1725,219.2446,42.911,1.5076,86.69,7.9821,1187000,1.7055,1.3465,6.8668,1132.7,2.106,1.5689,7.3168,1
2001-08-07,0.8768,108.74,1.9467,0.5737,33.913,7.4429,15.6466,0.6185,247.39,3.5074,0.5551,0.4004,3.7197,26098,9.1488,219.2182,42.909,1.506,86.54,7.9821,1186000,1.702,1.3395,6.8383,1126.95,2.0976,1.5655,7.2638,1
2001-08-08,0.8763,107.94,1.9463,0.5736,33.805,7.4432,15.6466,0.622,246.95,3.5052,0.555,0.4003,3.6966,26078,9.1614,219.3279,42.827,1.5059,86.45,7.9821,1203200,1.701,1.3441,6.8346,1121.66,2.0822,1.5546,7.2856,1
2001-08-09,0.8853,109.16,1.947,0.5736,33.85,7.4422,15.6466,0.6254,246.5,3.541,0.5598,0.4021,3.7345,26380,9.1525,219.425,42.815,1.5057,86.95,7.984,1221000,1.7135,1.3584,6.9049,1137.61,2.0836,1.5721,7.3706,1
2001-08-10,0.8936,109.31,1.9464,0.5736,33.88,7.4422,15.6466,0.627,246.92,3.5745,0.5609,0.4036,3.7623,26623,9.171,219.605,43.005,1.5117,87.86,8.0455,1241000,1.7332,1.3793,6.9695,1146.85,2.1009,1.5718,7.3617,1
2001-08-11,0.8936,109.31,1.9464,0.5736,33.88,7.4422,15.6466,0.627,246.92,3.5745,0.5609,0.4036,3.7623,26623,9.171,219.605,43.005,1.5117,87.86,8.0455,1241000,1.7332,1.3793,6.9695,1146.85,2.1009,1.5718,7.3617,1
2001-08-12,0.8936,109.31,1.9464,0.5736,33.88,7.4422,15.6466,0.627,246.92,3.5745,0.5609,0.4036,3.7623,26623,9.171,219.605,43.005,1.5117,87.86,8.0455,1241000,1.7332,1.3793,6.9695,1146.85,2.1009,1.5718,7.3617,1
2001-08-13,0.8991,109.33,1.9461,0.5749,33.897,7.4423,15.6466,0.6309,246.38,3.5971,0.5627,0.4048,3.7997,26781,9.22,219.5352,42.871,1.5139,88.18,8.087,1257000,1.7329,1.383,7.0123,1156.24,2.0982,1.5783,7.4278,1
2001-08-14,0.8968,110.04,1.9461,0.5739,33.88,7.4431,15.6466,0.6315,246.6,3.5876,0.5626,0.4046,3.8168,26742,9.2279,219.55,42.96,1.5155,89.21,8.064,1306000,1.738,1.3802,6.9948,1155.53,2.102,1.5788,7.4586,1
2001-08-15,0.9114,109.62,1.9461,0.5749,33.9,7.4433,15.6466,0.6341,253,3.6461,0.5669,0.4067,3.8833,27187,9.2475,219.5,42.95,1.5184,89.63,8.1095,1359000,1.7291,1.3955,7.1126,1165.68,2.0975,1.5902,7.4877,1
2001-08-16,0.9144,109.66,1.9465,0.574,33.972,7.4437,15.6466,0.6312,254.25,3.6576,0.5676,0.4068,3.8966,27253,9.2726,219.6274,43.13,1.5193,89.64,8.113,1339000,1.7358,1.3962,7.132,1167.69,2.0948,1.5949,7.5318,1
2001-08-17,0.9138,110.34,1.9461,0.574,34.022,7.4453,15.6466,0.6344,255.73,3.6547,0.5674,0.4067,3.9205,27202,9.325,219.5267,43.17,1.5183,89.04,8.116,1292000,1.712,1.4053,7.1275,1174.74,2.087,1.6037,7.5828,1
2001-08-18,0.9138,110.34,1.9461,0.574,34.022,7.4453,15.6466,0.6344,255.73,3.6547,0.5674,0.4067,3.9205,27202,9.325,219.5267,43.17,1.5183,89.04,8.116,1292000,1.712,1.4053,7.1275,1174.74,2.087,1.6037,7.5828,1
2001-08-19,0.9138,110.34,1.9461,0.574,34.022,7.4453,15.6466,0.6344,255.73,3.6547,0.5674,0.4067,3.9205,27202,9.325,219.5267,43.17,1.5183,89.04,8.116,1292000,1.712,1.4053,7.1275,1174.74,2.087,1.6037,7.5828,1
2001-08-20,0.9149,110.18,1.9462,0.5741,34.083,7.4459,15.6466,0.6309,255.9,3.6587,0.5675,0.4069,3.9348,27241,9.447,219.4599,43.168,1.5187,89.25,8.106,1301000,1.7145,1.4145,7.136,1171.99,2.0864,1.608,7.5832,1
2001-08-21,0.9128,109.4,1.9465,0.5739,34.078,7.4468,15.6466,0.6311,256.24,3.6504,0.5662,0.4064,3.8997,27205,9.441,219.5238,43.173,1.5166,89.7,8.124,1311000,1.711,1.4107,7.1196,1167.47,2.0874,1.5973,7.6792,1
2001-08-22,0.9216,110.39,1.9466,0.5737,34.342,7.4485,15.6466,0.6298,256.47,3.685,0.57,0.4076,3.9383,27453,9.4447,219.5332,43.265,1.5199,90.31,8.1075,1344000,1.7114,1.4272,7.1883,1177.8,2.074,1.6149,7.6897,1
2001-08-23,0.9112,109.65,1.947,0.5733,34.303,7.4472,15.6466,0.6318,251.52,3.6432,0.5669,0.4061,3.8593,27170,9.4189,219.5729,43.255,1.5194,89.84,8.1055,1341333,1.7118,1.4072,7.1071,1165.42,2.0715,1.5993,7.6377,1
2001-08-24,0.9108,109.56,1.9474,0.573,34.217,7.4449,15.6466,0.6318,251.51,3.6423,0.5662,0.4063,3.8379,27172,9.3775,219.8396,43.251,1.5193,90.31,8.1025,1343000,1.718,1.4048,7.1041,1162.18,2.0806,1.5953,7.6358,1
2001-08-25,0.9108,109.56,1.9474,0.573,34.217,7.4449,15.6466,0.6318,251.51,3.6423,0.5662,0.4063,3.8379,27172,9.3775,219.8396,43.251,1.5193,90.31,8.1025,1343000,1.718,1.4048,7.1041,1162.18,2.0806,1.5953,7.6358,1
2001-08-26,0.9108,109.56,1.9474,0.573,34.217,7.4449,15.6466,0.6318,251.51,3.6423,0.5662,0.4063,3.8379,27172,9.3775,219.8396,43.251,1.5193,90.31,8.1025,1343000,1.718,1.4048,7.1041,1162.18,2.0806,1.5953,7.6358,1
2001-08-27,0.909,109.18,1.9477,0.5727,34.182,7.4443,15.6466,0.6309,252.95,3.6344,0.5654,0.4059,3.8644,27149,9.36,219.6478,43.29,1.5194,90.21,8.1025,1300000,1.7231,1.4009,7.09,1159.88,2.0761,1.5894,7.6549,1
2001-08-28,0.9042,108.75,1.9494,0.5729,34.188,7.4432,15.6466,0.628,254.08,3.6152,0.5632,0.405,3.8437,27027,9.3799,219.6514,43.358,1.5166,90.03,8.0725,1272000,1.7162,1.3958,7.0527,1153.76,2.0746,1.5834,7.5864,1
2001-08-29,0.9122,108.94,1.9496,0.5728,34.21,7.4441,15.6466,0.6258,252.93,3.6488,0.5659,0.4057,3.8589,27330,9.437,219.7966,43.384,1.5168,90.21,8.0604,1267000,1.7202,1.4053,7.1149,1164.88,2.0685,1.5927,7.585,1
2001-08-30,0.9095,108.95,1.9492,0.5726,34.242,7.4435,15.6466,0.6283,252.4,3.6382,0.5645,0.4052,3.8565,27258,9.4968,219.75,43.375,1.5171,89.9,8.049,1253000,1.7139,1.4047,7.0939,1163.25,2.0701,1.5916,7.6535,1
2001-08-31,0.9158,108.65,1.9504,0.5729,34.322,7.4465,15.6466,0.6273,253.75,3.6634,0.5667,0.4063,3.8712,27509,9.475,219.5633,43.409,1.5165,90.15,8.055,1255000,1.7305,1.4143,7.143,1171.31,2.0775,1.5939,7.6606,1
2001-09-01,0.9158,108.65,1.9504,0.5729,34.322,7.4465,15.6466,0.6273,253.75,3.6634,0.5667,0.4063,3.8712,27509,9.475,219.5633,43.409,1.5165,90.15,8.055,1255000,1.7305,1.4143,7.143,1171.31,2.0775,1.5939,7.6606,1
2001-09-02,0.9158,108.65,1.9504,0.5729,34.322,7.4465,15.6466,0.6273,253.75,3.6634,0.5667,0.4063,3.8712,27509,9.475,219.5633,43.409,1.5165,90.15,8.055,1255000,1.7305,1.4143,7.143,1171.31,2.0775,1.5939,7.6606,1
2001-09-03,0.9072,107.92,1.9475,0.573,34.217,7.4444,15.6466,0.6234,251.7,3.6297,0.5631,0.4047,3.8387,27258,9.521,219.624,43.375,1.5156,89.62,8.016,1267000,1.7225,1.4075,7.076,1159.4,2.076,1.5782,7.674,1
2001-09-04,0.897,107.1,1.9462,0.5731,34.146,7.444,15.6466,0.6151,252.16,3.588,0.5589,0.4029,3.8183,26969,9.4873,219.7255,43.341,1.5151,89.28,7.9605,1280000,1.717,1.3899,6.9965,1144.57,2.069,1.5657,7.4981,1
2001-09-05,0.8891,106.93,1.9463,0.5733,34.155,7.4431,15.6466,0.6082,251.67,3.5566,0.5562,0.4013,3.7659,26715,9.4347,219.8458,43.267,1.5101,88.68,7.9351,1263000,1.708,1.3874,6.9349,1135.38,2.0617,1.5538,7.5509,1
2001-09-06,0.8855,107.36,1.9462,0.5728,34.112,7.4424,15.6466,0.6148,252.05,3.542,0.5545,0.4002,3.7617,26703,9.425,219.7422,43.233,1.5115,88.8,7.9465,1240000,1.7002,1.3784,6.9067,1135.5,2.0483,1.5517,7.6068,1
2001-09-07,0.8952,108.32,1.9463,0.5728,34.155,7.4426,15.6466,0.6182,253.11,3.5808,0.5597,0.4022,3.7865,27014,9.5308,219.6128,43.22,1.5118,89.25,7.988,1253000,1.7232,1.3942,6.9823,1150.33,2.0679,1.5697,7.6538,1
2001-09-08,0.8952,108.32,1.9463,0.5728,34.155,7.4426,15.6466,0.6182,253.11,3.5808,0.5597,0.4022,3.7865,27014,9.5308,219.6128,43.22,1.5118,89.25,7.988,1253000,1.7232,1.3942,6.9823,1150.33,2.0679,1.5697,7.6538,1
2001-09-09,0.8952,108.32,1.9463,0.5728,34.155,7.4426,15.6466,0.6182,253.11,3.5808,0.5597,0.4022,3.7865,27014,9.5308,219.6128,43.22,1.5118,89.25,7.988,1253000,1.7232,1.3942,6.9823,1150.33,2.0679,1.5697,7.6538,1
2001-09-10,0.9047,109.05,1.9464,0.5732,34.153,7.4418,15.6466,0.6164,252.99,3.619,0.5636,0.4033,3.8007,27277,9.5514,219.6264,43.228,1.5145,89.95,7.9875,1290000,1.7634,1.4175,7.0566,1162.54,2.1025,1.5823,7.6379,1
2001-09-11,0.8964,109.3,1.9461,0.5732,34.1,7.4415,15.6466,0.6164,251.78,3.5849,0.5604,0.4022,3.784,27083,9.5228,219.7513,43.29,1.5146,89.81,7.945,1285000,1.7453,1.3984,6.9917,1161.73,2.1018,1.5732,7.8562,1
2001-09-12,0.9052,108.15,1.9462,0.5734,34.191,7.4433,15.6466,0.6176,256,3.6199,0.5607,0.4035,3.8405,27339,9.5907,219.6846,43.353,1.503,90.16,7.975,1321000,1.7568,1.4151,7.0599,1162.82,2.1212,1.5722,7.8004,1
2001-09-13,0.906,107.88,1.9463,0.573,34.123,7.4437,15.6466,0.6194,255.97,3.6232,0.5608,0.4035,3.8497,27386,9.5989,219.7971,43.377,1.504,90.44,7.987,1336000,1.7607,1.4158,7.0666,1168.97,2.134,1.5764,7.8184,1
2001-09-14,0.9219,108.33,1.9468,0.5727,34.157,7.4439,15.6466,0.6271,255.3,3.6868,0.5704,0.4065,3.904,27870,9.6475,219.6565,43.505,1.4984,90.86,8.042,1373000,1.7844,1.4483,7.1907,1197.09,2.1862,1.5979,7.9251,1
2001-09-15,0.9219,108.33,1.9468,0.5727,34.157,7.4439,15.6466,0.6271,255.3,3.6868,0.5704,0.4065,3.904,27870,9.6475,219.6565,43.505,1.4984,90.86,8.042,1373000,1.7844,1.4483,7.1907,1197.09,2.1862,1.5979,7.9251,1
2001-09-16,0.9219,108.33,1.9468,0.5727,34.157,7.4439,15.6466,0.6271,255.3,3.6868,0.5704,0.4065,3.904,27870,9.6475,219.6565,43.505,1.4984,90.86,8.042,1373000,1.7844,1.4483,7.1907,1197.09,2.1862,1.5979,7.9251,1
2001-09-17,0.9269,108.61,1.9468,0.5727,34.27,7.4423,15.6466,0.6302,257.74,3.7069,0.5703,0.4079,3.933,28020,9.6566,219.7479,43.795,1.488,91.8,8.02,1435000,1.848,1.4555,7.2296,1203.86,2.2537,1.6061,7.9444,1
2001-09-18,0.9256,108.5,1.9465,0.5728,34.33,7.4423,15.6466,0.6312,257.33,3.7013,0.5705,0.4078,3.9218,28015,9.7525,219.8221,43.855,1.4788,92.09,7.983,1385000,1.8652,1.4535,7.2194,1200.73,2.2565,1.6067,7.9878,1
2001-09-19,0.9258,108.84,1.9467,0.5729,34.273,7.4423,15.6466,0.631,258.15,3.7024,0.571,0.408,3.9097,28015,9.7235,219.8358,43.76,1.4835,92.31,7.94,1383000,1.8837,1.455,7.2208,1200.3,2.2582,1.6118,8.0542,1
2001-09-20,0.9259,108.15,1.9467,0.5731,34.245,7.4436,15.6466,0.6318,258.27,3.7027,0.5702,0.408,3.8745,28038,9.8315,219.8592,43.768,1.4735,92.56,7.9325,1405000,1.8748,1.4524,7.2215,1202.47,2.2505,1.6083,8.0488,1
2001-09-21,0.92,107.18,1.9467,0.5734,34.277,7.4394,15.6466,0.6271,260.65,3.6791,0.5667,0.4071,3.8243,27877,9.9355,219.9148,43.738,1.4464,92.3,7.9225,1409000,1.9,1.4385,7.1759,1205.2,2.2825,1.6022,7.9786,1
2001-09-22,0.92,107.18,1.9467,0.5734,34.277,7.4394,15.6466,0.6271,260.65,3.6791,0.5667,0.4071,3.8243,27877,9.9355,219.9148,43.738,1.4464,92.3,7.9225,1409000,1.9,1.4385,7.1759,1205.2,2.2825,1.6022,7.9786,1
2001-09-23,0.92,107.18,1.9467,0.5734,34.277,7.4394,15.6466,0.6271,260.65,3.6791,0.5667,0.4071,3.8243,27877,9.9355,219.9148,43.738,1.4464,92.3,7.9225,1409000,1.9,1.4385,7.1759,1205.2,2.2825,1.6022,7.9786,1
2001-09-24,0.9164,107.47,1.9465,0.5736,34.235,7.4378,15.6466,0.6257,260.95,3.6647,0.5656,0.4061,3.843,27807,9.8661,220.1875,43.845,1.4602,92.72,8.007,1431000,1.8626,1.4372,7.1477,1191.32,2.2551,1.6124,7.9896,1
2001-09-25,0.9176,107.53,1.9462,0.5738,34.16,7.4382,15.6466,0.6274,259.83,3.6683,0.5663,0.4064,3.8758,27848,9.8641,220.185,43.865,1.46,93.17,8.013,1423000,1.861,1.4382,7.1569,1195.63,2.2503,1.6232,8.0782,1
2001-09-26,0.9219,108.62,1.947,0.574,34.005,7.4362,15.6466,0.6245,258.28,3.6853,0.5685,0.4066,3.8853,27995,9.9135,219.9884,43.812,1.4795,93.23,8.063,1424000,1.8575,1.4475,7.1904,1198.47,2.254,1.6287,8.1893,1
2001-09-27,0.9205,109.75,1.9488,0.5742,33.917,7.4364,15.6466,0.6223,257.55,3.6797,0.5689,0.4063,3.8592,28013,9.8232,219.9856,43.647,1.4811,93.72,8.1,1425000,1.895,1.4478,7.1794,1198.49,2.2925,1.6256,8.2399,1
2001-09-28,0.9131,109.02,1.9475,0.5744,33.912,7.4367,15.6466,0.6185,257.35,3.6508,0.5654,0.4052,3.8598,27876,9.7057,220.0282,43.622,1.4761,92.39,8.0755,1395000,1.842,1.4418,7.1217,1190.68,2.2395,1.6123,8.2029,1
2001-09-29,0.9131,109.02,1.9475,0.5744,33.912,7.4367,15.6466,0.6185,257.35,3.6508,0.5654,0.4052,3.8598,27876,9.7057,220.0282,43.622,1.4761,92.39,8.0755,1395000,1.842,1.4418,7.1217,1190.68,2.2395,1.6123,8.2029,1
2001-09-30,0.9131,109.02,1.9475,0.5744,33.912,7.4367,15.6466,0.6185,257.35,3.6508,0.5654,0.4052,3.8598,27876,9.7057,220.0282,43.622,1.4761,92.39,8.0755,1395000,1.842,1.4418,7.1217,1190.68,2.2395,1.6123,8.2029,1
2001-10-01,0.9125,109.2,1.9469,0.5745,33.81,7.4362,15.6466,0.6196,257.27,3.6491,0.5645,0.4044,3.8535,27910,9.7459,220.1527,43.598,1.4799,91.48,8.075,1413000,1.8536,1.4407,7.1161,1189.9,2.2462,1.6126,8.3013,1
2001-10-02,0.9189,110.73,1.9471,0.5744,33.609,7.4352,15.6466,0.6249,257.98,3.674,0.5677,0.4056,3.8697,28168,9.7681,220.1556,43.47,1.4803,92.54,8.075,1440000,1.8622,1.443,7.1663,1214.79,2.2678,1.6326,8.3979,1
2001-10-03,0.9209,111.54,1.9476,0.5743,33.632,7.4352,15.6466,0.6189,257.27,3.6827,0.5692,0.4064,3.8608,28157,9.7077,220.1347,43.495,1.4844,92.96,8.081,1454000,1.8463,1.4431,7.1823,1214.21,2.2594,1.6391,8.5857,1
2001-10-04,0.9117,109.95,1.9477,0.5746,33.678,7.4347,15.6466,0.6214,257.32,3.6452,0.5645,0.4045,3.82,27970,9.7815,220.1251,43.52,1.4856,92.62,8.073,1460000,1.8306,1.4283,7.1107,1191.59,2.2294,1.6213,8.4765,1
2001-10-05,0.9174,110.31,1.9481,0.5746,33.678,7.4349,15.6466,0.6192,256.98,3.6672,0.5653,0.4054,3.8054,28133,9.719,220.1586,43.552,1.4874,93.98,8.0452,1487000,1.8093,1.4382,7.1554,1199.04,2.2022,1.6405,8.4767,1
2001-10-06,0.9174,110.31,1.9481,0.5746,33.678,7.4349,15.6466,0.6192,256.98,3.6672,0.5653,0.4054,3.8054,28133,9.719,220.1586,43.552,1.4874,93.98,8.0452,1487000,1.8093,1.4382,7.1554,1199.04,2.2022,1.6405,8.4767,1
2001-10-07,0.9174,110.31,1.9481,0.5746,33.678,7.4349,15.6466,0.6192,256.98,3.6672,0.5653,0.4054,3.8054,28133,9.719,220.1586,43.552,1.4874,93.98,8.0452,1487000,1.8093,1.4382,7.1554,1199.04,2.2022,1.6405,8.4767,1
2001-10-08,0.9214,110.35,1.9486,0.5746,33.75,7.4342,15.6466,0.6242,259.04,3.684,0.5668,0.4065,3.85,28253,9.7229,220.1438,43.718,1.4762,94,8.0452,1502000,1.817,1.44,7.1866,1202.43,2.2144,1.6533,8.5295,1
2001-10-09,0.9193,110.61,1.9486,0.5742,33.643,7.4352,15.6466,0.6257,256.78,3.6756,0.5656,0.4064,3.828,28253,9.631,220.1935,43.699,1.4814,94.09,7.988,1505000,1.8247,1.4335,7.1703,1196.93,2.2187,1.6588,8.4818,1
2001-10-10,0.9136,109.63,1.9472,0.5742,33.605,7.4354,15.6466,0.6271,255.95,3.6535,0.5635,0.4061,3.7952,28075,9.6397,220.1867,43.608,1.4826,93.59,7.989,1489000,1.8189,1.4306,7.1259,1195.9,2.2041,1.6547,8.3922,1
2001-10-11,0.9062,109.55,1.9466,0.574,33.557,7.4368,15.6466,0.6237,254.92,3.6239,0.561,0.4047,3.7292,27893,9.4814,220.1957,43.563,1.4852,91.37,7.9325,1462000,1.8133,1.4196,7.0681,1180.78,2.1968,1.6497,8.2491,1
2001-10-12,0.904,109.65,1.9468,0.5742,33.527,7.4369,15.6466,0.6269,255.63,3.6151,0.5604,0.4044,3.743,27818,9.5009,220.3415,43.428,1.4825,90.76,7.9555,1441000,1.809,1.4114,7.0512,1169.78,2.1849,1.642,8.3003,1
2001-10-13,0.904,109.65,1.9468,0.5742,33.527,7.4369,15.6466,0.6269,255.63,3.6151,0.5604,0.4044,3.743,27818,9.5009,220.3415,43.428,1.4825,90.76,7.9555,1441000,1.809,1.4114,7.0512,1169.78,2.1849,1.642,8.3003,1
2001-10-14,0.904,109.65,1.9468,0.5742,33.527,7.4369,15.6466,0.6269,255.63,3.6151,0.5604,0.4044,3.743,27818,9.5009,220.3415,43.428,1.4825,90.76,7.9555,1441000,1.809,1.4114,7.0512,1169.78,2.1849,1.642,8.3003,1
2001-10-15,0.9097,109.8,1.947,0.5742,33.46,7.4377,15.6466,0.6266,255.27,3.6372,0.5623,0.4055,3.7338,28017,9.494,220.2458,43.479,1.4776,91.33,7.9655,1462000,1.7702,1.4205,7.0956,1176.24,2.1603,1.647,8.1657,1
2001-10-16,0.9052,110.05,1.946,0.5744,33.45,7.4368,15.6466,0.6264,254.06,3.6193,0.5612,0.4048,3.6955,27857,9.4959,220.1825,43.528,1.4809,91.83,7.98,1474000,1.7641,1.411,7.0605,1174.5,2.1576,1.6474,8.3942,1
2001-10-17,0.9022,109.75,1.9462,0.5744,33.47,7.4365,15.6466,0.6237,254.25,3.6073,0.5599,0.4042,3.698,27773,9.4445,220.1246,43.52,1.484,92.46,7.948,1473000,1.7628,1.4121,7.0372,1170.6,2.1504,1.6396,8.3914,1
2001-10-18,0.9026,109.23,1.9462,0.5744,33.507,7.4365,15.6466,0.6251,254.44,3.6095,0.5597,0.4043,3.6958,27805,9.4719,220.2886,43.56,1.478,92.73,7.959,1490000,1.775,1.4211,7.0403,1172.93,2.1645,1.6364,8.3301,1
2001-10-19,0.9009,109.1,1.9467,0.5744,33.493,7.4366,15.6466,0.626,254.25,3.6027,0.5592,0.4042,3.7068,27775,9.4703,220.2675,43.693,1.4777,92.65,7.9655,1481000,1.7793,1.4204,7.027,1170.72,2.1665,1.6417,8.3027,1
2001-10-20,0.9009,109.1,1.9467,0.5744,33.493,7.4366,15.6466,0.626,254.25,3.6027,0.5592,0.4042,3.7068,27775,9.4703,220.2675,43.693,1.4777,92.65,7.9655,1481000,1.7793,1.4204,7.027,1170.72,2.1665,1.6417,8.3027,1
2001-10-21,0.9009,109.1,1.9467,0.5744,33.493,7.4366,15.6466,0.626,254.25,3.6027,0.5592,0.4042,3.7068,27775,9.4703,220.2675,43.693,1.4777,92.65,7.9655,1481000,1.7793,1.4204,7.027,1170.72,2.1665,1.6417,8.3027,1
2001-10-22,0.8969,109.18,1.9465,0.5744,33.368,7.4363,15.6466,0.6255,254.19,3.586,0.5583,0.404,3.6957,27727,9.514,220.3275,43.745,1.4754,92.48,7.965,1469000,1.7672,1.4136,6.9957,1165.97,2.1547,1.639,8.4653,1
2001-10-23,0.8887,109.03,1.9463,0.5743,33.317,7.4362,15.6466,0.6242,251.45,3.5541,0.5557,0.4027,3.669,27490,9.4709,220.305,43.645,1.4791,92.77,7.9495,1430000,1.747,1.4008,6.9318,1156.64,2.1322,1.6228,8.4125,1
2001-10-24,0.8917,109.48,1.946,0.5743,33.3,7.4361,15.6466,0.6251,252.22,3.5665,0.5568,0.4032,3.6715,27577,9.472,220.2935,43.628,1.4798,93.35,7.951,1428000,1.755,1.4033,6.9552,1155.64,2.13,1.6313,8.3609,1
2001-10-25,0.8889,109.56,1.9465,0.5743,33.332,7.4362,15.6466,0.6259,252.56,3.555,0.556,0.4026,3.6862,27453,9.441,220.3384,43.561,1.4779,93.25,7.9655,1435000,1.7563,1.3992,6.9333,1149.35,2.1417,1.6235,8.3866,1
2001-10-26,0.8911,109.25,1.9467,0.5742,33.665,7.4364,15.6466,0.6212,252.98,3.563,0.5563,0.4028,3.6495,27512,9.4485,220.345,43.665,1.4746,93.16,7.9505,1435000,1.7767,1.4027,6.9504,1153.08,2.1605,1.6297,8.3528,1
2001-10-27,0.8911,109.25,1.9467,0.5742,33.665,7.4364,15.6466,0.6212,252.98,3.563,0.5563,0.4028,3.6495,27512,9.4485,220.345,43.665,1.4746,93.16,7.9505,1435000,1.7767,1.4027,6.9504,1153.08,2.1605,1.6297,8.3528,1
2001-10-28,0.8911,109.25,1.9467,0.5742,33.665,7.4364,15.6466,0.6212,252.98,3.563,0.5563,0.4028,3.6495,27512,9.4485,220.345,43.665,1.4746,93.16,7.9505,1435000,1.7767,1.4027,6.9504,1153.08,2.1605,1.6297,8.3528,1
2001-10-29,0.9005,109.94,1.9465,0.574,33.547,7.4399,15.6466,0.6216,254,3.6004,0.5596,0.4035,3.688,27767,9.527,220.0893,43.628,1.4738,93.88,7.965,1443000,1.7833,1.4199,7.0238,1164.35,2.1717,1.6497,8.3911,1
2001-10-30,0.9064,110.42,1.9461,0.574,33.618,7.4405,15.6466,0.6236,256.34,3.6247,0.5615,0.4045,3.7208,28046,9.5927,220.1887,43.74,1.4703,94.12,7.98,1450000,1.7816,1.4281,7.0698,1171.98,2.1768,1.6516,8.5027,1
2001-10-31,0.9042,110.37,1.9465,0.5743,33.62,7.4434,15.6466,0.6184,255.24,3.6166,0.5609,0.404,3.705,28027,9.5901,220.1475,43.615,1.4682,93.92,8.0001,1438000,1.7942,1.4347,7.0528,1170.94,2.193,1.6477,8.4852,1
2001-11-01,0.9097,110.72,1.947,0.5745,33.628,7.4481,15.6466,0.6165,255.13,3.6346,0.5627,0.4045,3.7113,28232,9.5212,220.155,43.535,1.4725,94.92,7.965,1431000,1.7781,1.4486,7.0973,1174.42,2.1823,1.6627,8.6128,1
2001-11-02,0.9056,110.05,1.9466,0.5744,33.53,7.4483,15.6466,0.6184,254.9,3.6175,0.5609,0.4035,3.72,28115,9.5478,220.4768,43.525,1.4741,94.71,7.965,1419000,1.7864,1.4464,7.0637,1169.13,2.1861,1.6572,8.6056,1
2001-11-03,0.9056,110.05,1.9466,0.5744,33.53,7.4483,15.6466,0.6184,254.9,3.6175,0.5609,0.4035,3.72,28115,9.5478,220.4768,43.525,1.4741,94.71,7.965,1419000,1.7864,1.4464,7.0637,1169.13,2.1861,1.6572,8.6056,1
2001-11-04,0.9056,110.05,1.9466,0.5744,33.53,7.4483,15.6466,0.6184,254.9,3.6175,0.5609,0.4035,3.72,28115,9.5478,220.4768,43.525,1.4741,94.71,7.965,1419000,1.7864,1.4464,7.0637,1169.13,2.1861,1.6572,8.6056,1
2001-11-05,0.8961,109.3,1.9466,0.5744,33.454,7.448,15.6466,0.6153,253.44,3.5838,0.5573,0.4023,3.6844,27855,9.4766,220.3197,43.37,1.4713,94.61,7.925,1397000,1.7665,1.4272,6.9896,1179.27,2.1595,1.6325,8.4971,1
2001-11-06,0.8961,108.46,1.9468,0.5745,33.457,7.4478,15.6466,0.6135,252.15,3.5817,0.5569,0.4021,3.6688,27878,9.4591,220.4921,43.37,1.4715,95.18,7.94,1380000,1.747,1.4282,6.9895,1160.45,2.1345,1.6305,8.4655,1
2001-11-07,0.9014,108.98,1.9467,0.5745,33.448,7.4489,15.6466,0.6134,251.84,3.6045,0.5591,0.4028,3.6793,28013,9.423,220.362,43.286,1.4704,94.98,7.94,1399000,1.7485,1.4354,7.0308,1164.61,2.147,1.6356,8.5865,1
2001-11-08,0.8972,108.25,1.9462,0.5741,33.345,7.45,15.6466,0.614,250.53,3.5884,0.5567,0.4019,3.6443,27957,9.4053,220.4751,43.089,1.4679,93.68,7.9295,1386000,1.7434,1.4324,6.9982,1148.42,2.141,1.629,8.5047,1
2001-11-09,0.893,107.47,1.9462,0.5737,33.382,7.4496,15.6466,0.6134,251,3.5713,0.5549,0.4016,3.6372,27808,9.4028,220.4728,43.039,1.4667,93.47,7.8915,1387000,1.7347,1.4278,6.9653,1141.25,2.1321,1.6292,8.6005,1
2001-11-10,0.893,107.47,1.9462,0.5737,33.382,7.4496,15.6466,0.6134,251,3.5713,0.5549,0.4016,3.6372,27808,9.4028,220.4728,43.039,1.4667,93.47,7.8915,1387000,1.7347,1.4278,6.9653,1141.25,2.1321,1.6292,8.6005,1
2001-11-11,0.893,107.47,1.9462,0.5737,33.382,7.4496,15.6466,0.6134,251,3.5713,0.5549,0.4016,3.6372,27808,9.4028,220.4728,43.039,1.4667,93.47,7.8915,1387000,1.7347,1.4278,6.9653,1141.25,2.1321,1.6292,8.6005,1
2001-11-12,0.8919,107.66,1.9461,0.5737,33.3,7.4525,15.6466,0.6141,250.62,3.5673,0.5544,0.4018,3.631,27870,9.4141,220.15,42.881,1.4634,93.73,7.9,1391000,1.7166,1.429,6.9567,1145.2,2.1118,1.6268,8.6767,1
2001-11-13,0.8842,107.14,1.9461,0.5734,33.26,7.4489,15.6466,0.6109,249.5,3.5368,0.552,0.4003,3.6168,27648,9.3568,219.9793,42.775,1.4655,94.85,7.863,1383000,1.704,1.4113,6.8968,1137.97,2.0935,1.6137,8.5333,1
2001-11-14,0.8803,107.2,1.9462,0.5726,33.243,7.4446,15.6466,0.612,249.15,3.5208,0.5509,0.3996,3.6098,27523,9.3305,220.0253,42.751,1.4701,94.56,7.866,1355000,1.6855,1.4,6.8663,1130.31,2.0815,1.6077,8.5357,1
2001-11-15,0.8825,107.91,1.9462,0.5728,33.275,7.4422,15.6466,0.6149,249.74,3.53,0.552,0.4005,3.6215,27652,9.2993,219.8917,42.76,1.4709,94.1,7.9025,1345000,1.6989,1.4049,6.8834,1127.84,2.1035,1.6173,8.4167,1
2001-11-16,0.8845,108.46,1.946,0.5729,33.258,7.4411,15.6466,0.6193,252,3.5377,0.5533,0.4011,3.6625,27733,9.3773,219.6021,42.809,1.4674,94.68,7.9175,1335000,1.6893,1.4075,6.8986,1134.81,2.1145,1.6239,8.4654,1
2001-11-17,0.8845,108.46,1.946,0.5729,33.258,7.4411,15.6466,0.6193,252,3.5377,0.5533,0.4011,3.6625,27733,9.3773,219.6021,42.809,1.4674,94.68,7.9175,1335000,1.6893,1.4075,6.8986,1134.81,2.1145,1.6239,8.4654,1
2001-11-18,0.8845,108.46,1.946,0.5729,33.258,7.4411,15.6466,0.6193,252,3.5377,0.5533,0.4011,3.6625,27733,9.3773,219.6021,42.809,1.4674,94.68,7.9175,1335000,1.6893,1.4075,6.8986,1134.81,2.1145,1.6239,8.4654,1
2001-11-19,0.8793,108.48,1.9461,0.5731,33.172,7.4438,15.6466,0.6215,250,3.5161,0.552,0.4007,3.6217,27555,9.3455,220.287,42.834,1.4651,94.79,7.916,1311000,1.6868,1.3928,6.8582,1128.14,2.115,1.6205,8.4995,1
2001-11-20,0.8824,108.47,1.9461,0.5731,33.172,7.4455,15.6466,0.6219,249.88,3.5292,0.5534,0.4016,3.6152,27692,9.4075,220.2992,42.869,1.458,95.41,7.8995,1291000,1.6941,1.4044,6.882,1127.71,2.1255,1.621,8.5841,1
2001-11-21,0.8791,108.02,1.9461,0.5732,33.217,7.4449,15.6466,0.6192,250.15,3.5153,0.5519,0.4008,3.594,27593,9.39,220.1185,43.16,1.4573,96.32,7.8895,1311000,1.6982,1.4052,6.8561,1120.85,2.1337,1.6148,8.7022,1
2001-11-22,0.8778,108.66,1.9463,0.5736,33.238,7.4423,15.6466,0.6222,251.5,3.5115,0.5526,0.4004,3.5943,27567,9.3718,220.3128,43.261,1.4594,96.34,7.8895,1318000,1.7006,1.4048,6.846,1121.39,2.1436,1.6169,8.7363,1
2001-11-23,0.8795,109.1,1.9468,0.5737,33.133,7.441,15.6466,0.6222,251.8,3.5162,0.553,0.4012,3.6077,27617,9.3466,220.2752,43.121,1.4617,97.11,7.9185,1313000,1.701,1.4055,6.8592,1119.6,2.1415,1.6166,8.7347,1
2001-11-24,0.8795,109.1,1.9468,0.5737,33.133,7.441,15.6466,0.6222,251.8,3.5162,0.553,0.4012,3.6077,27617,9.3466,220.2752,43.121,1.4617,97.11,7.9185,1313000,1.701,1.4055,6.8592,1119.6,2.1415,1.6166,8.7347,1
2001-11-25,0.8795,109.1,1.9468,0.5737,33.133,7.441,15.6466,0.6222,251.8,3.5162,0.553,0.4012,3.6077,27617,9.3466,220.2752,43.121,1.4617,97.11,7.9185,1313000,1.701,1.4055,6.8592,1119.6,2.1415,1.6166,8.7347,1
2001-11-26,0.8818,109.33,1.9469,0.5738,33.127,7.4412,15.6466,0.623,251.55,3.5239,0.5541,0.4014,3.61,27725,9.3336,219.9996,43.151,1.4663,97.22,7.953,1304000,1.7007,1.41,6.8771,1115.48,2.1333,1.6163,8.7133,1
2001-11-27,0.8788,108.99,1.947,0.5743,33.147,7.4404,15.6466,0.624,251.65,3.5141,0.5527,0.4013,3.587,27650,9.3574,219.5411,43.291,1.4641,96.93,7.955,1298000,1.683,1.4,6.8534,1107.29,2.1148,1.6124,8.7851,1
2001-11-28,0.8831,108.94,1.948,0.5743,33.237,7.4406,15.6466,0.6222,250.84,3.5313,0.5541,0.4018,3.6,27798,9.451,219.5688,43.33,1.4586,97.34,7.9435,1309000,1.695,1.4031,6.8869,1118.89,2.1335,1.6188,8.7291,1
2001-11-29,0.8887,109.23,1.9482,0.5743,33.272,7.4411,15.6466,0.6216,250.7,3.553,0.5555,0.4025,3.6228,28003,9.4658,219.9513,43.35,1.4635,96.88,7.959,1326000,1.7125,1.4061,6.9305,1123.32,2.1474,1.6255,9.0475,1
2001-11-30,0.8898,110.06,1.9477,0.5743,33.097,7.4425,15.6466,0.6291,251.78,3.5581,0.5569,0.4026,3.6255,28050,9.551,219.5527,43.401,1.4724,95.27,7.9975,1319000,1.7073,1.4057,6.9395,1128.27,2.1338,1.6298,9.1978,1
2001-12-01,0.8898,110.06,1.9477,0.5743,33.097,7.4425,15.6466,0.6291,251.78,3.5581,0.5569,0.4026,3.6255,28050,9.551,219.5527,43.401,1.4724,95.27,7.9975,1319000,1.7073,1.4057,6.9395,1128.27,2.1338,1.6298,9.1978,1
2001-12-02,0.8898,110.06,1.9477,0.5743,33.097,7.4425,15.6466,0.6291,251.78,3.5581,0.5569,0.4026,3.6255,28050,9.551,219.5527,43.401,1.4724,95.27,7.9975,1319000,1.7073,1.4057,6.9395,1128.27,2.1338,1.6298,9.1978,1
2001-12-03,0.8925,110.21,1.9475,0.5742,33.125,7.4452,15.6466,0.6252,250.55,3.57,0.5583,0.4036,3.6175,28157,9.5345,219.6273,43.229,1.4732,95.11,7.987,1337000,1.7203,1.4054,6.9603,1135.97,2.1533,1.6368,9.2089,1
2001-12-04,0.8902,110.5,1.9468,0.5742,33.038,7.4446,15.6466,0.6254,249.43,3.5597,0.5578,0.403,3.5853,28090,9.4746,219.8381,43.15,1.4726,95.91,7.9785,1321000,1.7227,1.4007,6.9428,1129.66,2.1523,1.6344,9.4274,1
2001-12-05,0.8919,110.84,1.9465,0.5744,33.025,7.4456,15.6466,0.6266,248.53,3.5665,0.5585,0.4034,3.6088,28140,9.3727,219.8143,43.17,1.4747,97.15,7.981,1302000,1.7323,1.4035,6.9564,1135.39,2.1551,1.6374,9.5777,1
2001-12-06,0.8889,110.72,1.9465,0.5748,32.967,7.4455,15.6466,0.6255,248.9,3.5546,0.5565,0.4028,3.6323,28093,9.3635,219.6729,43.15,1.4741,97.21,7.984,1294000,1.7176,1.3973,6.9331,1128.37,2.136,1.6298,9.7274,1
2001-12-07,0.8911,111.5,1.9467,0.5748,33,7.4459,15.6466,0.6208,249.6,3.563,0.5581,0.4029,3.6477,28260,9.3221,219.7124,43.155,1.4787,96.91,7.977,1290000,1.7245,1.405,6.9499,1129.47,2.1422,1.6324,9.9452,1
2001-12-08,0.8911,111.5,1.9467,0.5748,33,7.4459,15.6466,0.6208,249.6,3.563,0.5581,0.4029,3.6477,28260,9.3221,219.7124,43.155,1.4787,96.91,7.977,1290000,1.7245,1.405,6.9499,1129.47,2.1422,1.6324,9.9452,1
2001-12-09,0.8911,111.5,1.9467,0.5748,33,7.4459,15.6466,0.6208,249.6,3.563,0.5581,0.4029,3.6477,28260,9.3221,219.7124,43.155,1.4787,96.91,7.977,1290000,1.7245,1.405,6.9499,1129.47,2.1422,1.6324,9.9452,1
2001-12-10,0.885,111.82,1.9467,0.5751,32.953,7.4439,15.6466,0.6206,250.19,3.5388,0.5557,0.4016,3.6195,28170,9.351,218.979,43.23,1.4806,96.04,7.997,1278000,1.7209,1.3966,6.9023,1130.15,2.1338,1.6231,9.779,1
2001-12-11,0.8908,112.3,1.9465,0.5748,32.86,7.4458,15.6466,0.6198,247.85,3.5621,0.558,0.4024,3.6153,28278,9.3694,219.8265,43.305,1.4792,94.36,7.998,1281000,1.7325,1.4063,6.9478,1133.99,2.1375,1.6301,9.8762,1
2001-12-12,0.8938,112.6,1.9465,0.5748,32.705,7.449,15.6466,0.6204,247.14,3.5745,0.559,0.4026,3.6271,28300,9.3898,219.9897,43.271,1.4739,93.32,8.015,1275000,1.7235,1.4005,6.9714,1136.02,2.1242,1.6361,9.9553,1
2001-12-13,0.8975,113.29,1.9461,0.5748,32.57,7.448,15.6466,0.6198,246.75,3.5882,0.5605,0.4031,3.619,28400,9.3888,219.9876,43.22,1.473,93.84,8.0125,1268000,1.7241,1.4066,7.0003,1139.29,2.1392,1.6415,10.4292,1
2001-12-14,0.9016,115.05,1.9462,0.5749,32.63,7.4475,15.6466,0.621,246.38,3.6052,0.5631,0.4037,3.625,28500,9.5172,219.9644,43.119,1.4737,93.64,8.024,1291000,1.7398,1.414,7.0321,1154.86,2.1582,1.6533,11.231,1
2001-12-15,0.9016,115.05,1.9462,0.5749,32.63,7.4475,15.6466,0.621,246.38,3.6052,0.5631,0.4037,3.625,28500,9.5172,219.9644,43.119,1.4737,93.64,8.024,1291000,1.7398,1.414,7.0321,1154.86,2.1582,1.6533,11.231,1
2001-12-16,0.9016,115.05,1.9462,0.5749,32.63,7.4475,15.6466,0.621,246.38,3.6052,0.5631,0.4037,3.625,28500,9.5172,219.9644,43.119,1.4737,93.64,8.024,1291000,1.7398,1.414,7.0321,1154.86,2.1582,1.6533,11.231,1
2001-12-17,0.9049,115.68,1.946,0.5749,32.145,7.444,15.6466,0.6177,246.11,3.6192,0.5643,0.4041,3.6053,28532,9.4393,219.9981,42.89,1.4772,92.39,8.0075,1309000,1.7458,1.4129,7.0578,1158.27,2.163,1.6631,10.8656,1
2001-12-18,0.9012,115.26,1.9461,0.5753,31.824,7.439,15.6466,0.619,245.29,3.6032,0.5628,0.4033,3.5843,28313,9.461,219.9014,42.839,1.4744,91.82,7.99,1307000,1.7452,1.4141,7.0287,1158.94,2.1588,1.6575,11.0051,1
2001-12-19,0.8983,114.68,1.9461,0.5755,31.963,7.4393,15.6466,0.6203,245.3,3.5934,0.5615,0.4036,3.5624,28111,9.457,219.1653,43.01,1.4734,90.35,7.9965,1316000,1.7465,1.4169,7.0058,1160.6,2.1565,1.6478,11.2143,1
2001-12-20,0.8973,115.05,1.9462,0.5755,32.265,7.4392,15.6466,0.6212,246.63,3.5893,0.5617,0.403,3.5561,28208,9.5305,218.6214,43.199,1.4675,90.31,7.9925,1328000,1.7677,1.4155,6.9975,1166.49,2.1751,1.647,12.1127,1
2001-12-21,0.8943,115.88,1.9462,0.5746,32.325,7.4404,15.6466,0.6165,246.22,3.5773,0.5611,0.4023,3.5457,28024,9.4765,218.6593,43.081,1.4642,90.88,7.98,1323000,1.7649,1.4145,6.9733,1170.55,2.1621,1.6444,10.9599,1
2001-12-22,0.8943,115.88,1.9462,0.5746,32.325,7.4404,15.6466,0.6165,246.22,3.5773,0.5611,0.4023,3.5457,28024,9.4765,218.6593,43.081,1.4642,90.88,7.98,1323000,1.7649,1.4145,6.9733,1170.55,2.1621,1.6444,10.9599,1
2001-12-23,0.8943,115.88,1.9462,0.5746,32.325,7.4404,15.6466,0.6165,246.22,3.5773,0.5611,0.4023,3.5457,28024,9.4765,218.6593,43.081,1.4642,90.88,7.98,1323000,1.7649,1.4145,6.9733,1170.55,2.1621,1.6444,10.9599,1
2001-12-24,0.8798,114.23,1.9462,0.5746,32.045,7.4386,15.6466,0.609,245.71,3.5205,0.555,0.3998,3.5195,27600,9.5154,218.8489,42.961,1.4721,89.9,7.9855,1304000,1.7319,1.4044,6.8602,1147.26,2.1177,1.6181,10.5037,1
2001-12-25,0.8798,114.23,1.9462,0.5746,32.045,7.4386,15.6466,0.6079,245.71,3.5205,0.555,0.3998,3.5195,27600,9.4922,218.8489,42.961,1.4721,89.9,7.9855,1304000,1.7319,1.4044,6.8602,1147.26,2.1177,1.6181,10.4064,1
2001-12-26,0.8798,114.23,1.9462,0.5746,32.045,7.4386,15.6466,0.6056,245.71,3.5205,0.555,0.3998,3.5195,27600,9.5125,218.8489,42.961,1.4721,89.9,7.9855,1304000,1.7319,1.4044,6.8602,1147.26,2.1177,1.6181,10.4953,1
2001-12-27,0.8823,115.9,1.9475,0.5753,32.168,7.4386,15.6466,0.6083,245.78,3.5287,0.5568,0.3996,3.5202,27712,9.4467,218.8137,42.855,1.4835,89.95,7.9855,1270000,1.7384,1.4134,6.8793,1169.05,2.134,1.636,10.443,1
2001-12-28,0.8813,115.33,1.9463,0.575,31.962,7.4365,15.6466,0.6101,245.18,3.5228,0.5563,0.3994,3.4953,27817,9.315,218.8364,42.78,1.4829,91.48,7.964,1269500,1.728,1.4077,6.8723,1161.55,2.1215,1.6306,10.5571,1
2001-12-29,0.8813,115.33,1.9463,0.575,31.962,7.4365,15.6466,0.6101,245.18,3.5228,0.5563,0.3994,3.4953,27817,9.315,218.8364,42.78,1.4829,91.48,7.964,1269500,1.728,1.4077,6.8723,1161.55,2.1215,1.6306,10.5571,1
2001-12-30,0.8813,115.33,1.9463,0.575,31.962,7.4365,15.6466,0.6101,245.18,3.5228,0.5563,0.3994,3.4953,27817,9.315,218.8364,42.78,1.4829,91.48,7.964,1269500,1.728,1.4077,6.8723,1161.55,2.1215,1.6306,10.5571,1
2001-12-31,0.8813,115.33,1.9463,0.575,31.962,7.4365,15.6466,0.6118,245.18,3.5228,0.5563,0.3994,3.4953,27817,9.3018,218.8364,42.78,1.4829,91.48,7.973,1269500,1.728,1.4077,6.8723,1161.55,2.1215,1.6306,10.668,1
