date,USD,JPY,BGN,CYP,CZK,DKK,EEK,GBP,HUF,LTL,LVL,MTL,PLN,ROL,SEK,SIT,SKK,CHF,ISK,NOK,TRL,AUD,CAD,HKD,KRW,NZD,SGD,ZAR,EUR,JOD,KES,MUR,BOB,COP,HRK,LBP
2002-01-01,0.8813,115.33,1.9463,0.575,31.962,7.4365,15.6466,0.6121,245.18,3.5228,0.5563,0.3994,3.4953,27817,9.3018,218.8364,42.78,1.4829,91.48,7.973,1269500,1.728,1.4077,6.8723,1161.55,2.1215,1.6306,10.6794,1,,,,,,,
2002-01-02,0.9038,119.53,1.9519,0.5753,31.707,7.4388,15.6466,0.6248,244.58,3.6143,0.5665,0.4047,3.5608,28687,9.2719,216.7703,42.728,1.4833,92.19,8.0255,1311000,1.7603,1.4436,7.0482,1185.79,2.1469,1.6737,11.1764,1,,,,,,,
2002-01-03,0.9036,119.02,1.953,0.5755,31.853,7.438,15.6466,0.6246,245.32,3.6149,0.5664,0.4045,3.569,28843,9.2368,220.3297,42.829,1.4856,91.48,8.004,1294000,1.752,1.4422,7.0463,1181.64,2.1279,1.6709,11.093,1,,,,,,,
2002-01-04,0.8954,117.18,1.9539,0.5756,31.932,7.4405,15.6466,0.6179,244.15,3.5819,0.5628,0.4032,3.5265,28717,9.228,217.6852,42.829,1.4789,91.5,7.975,1271000,1.728,1.4305,6.9828,1167.33,2.0916,1.6517,10.8114,1,,,,,,,
2002-01-05,0.8954,117.18,1.9539,0.5756,31.932,7.4405,15.6466,0.6179,244.15,3.5819,0.5628,0.4032,3.5265,28717,9.228,217.6852,42.829,1.4789,91.5,7.975,1271000,1.728,1.4305,6.9828,1167.33,2.0916,1.6517,10.8114,1,,,,,,,
2002-01-06,0.8954,117.18,1.9539,0.5756,31.932,7.4405,15.6466,0.6179,244.15,3.5819,0.5628,0.4032,3.5265,28717,9.228,217.6852,42.829,1.4789,91.5,7.975,1271000,1.728,1.4305,6.9828,1167.33,2.0916,1.6517,10.8114,1,,,,,,,
2002-01-07,0.8905,116.72,1.954,0.5757,32.02,7.4389,15.6466,0.6188,243.55,3.5616,0.5615,0.4021,3.4872,28800,9.2219,217.9977,42.869,1.4719,90.62,7.962,1248000,1.718,1.4212,6.945,1162.1,2.0838,1.6441,10.4854,1,,,,,,,
2002-01-08,0.8909,118.22,1.954,0.5758,32.257,7.4391,15.6466,0.621,243.75,3.5632,0.5628,0.402,3.507,28588,9.2747,216.4417,42.845,1.4703,91.26,7.969,1241000,1.711,1.4267,6.948,1162.18,2.0774,1.6479,10.2192,1,,,,,,,
2002-01-09,0.8921,118.05,1.9549,0.5759,32.283,7.4383,15.6466,0.6203,244.19,3.568,0.5638,0.4022,3.5578,28573,9.245,218.6013,42.829,1.4791,91.06,7.9435,1244000,1.707,1.4231,6.9571,1165.89,2.0812,1.6469,10.0727,1,,,,,,,
2002-01-10,0.8909,117.96,1.955,0.576,32.138,7.4339,15.6466,0.6197,244.33,3.5626,0.5632,0.4018,3.591,28647,9.1758,218.7639,42.59,1.4833,90.88,7.9555,1236000,1.6968,1.4254,6.9478,1171.09,2.074,1.645,10.2778,1,,,,,,,
2002-01-11,0.8919,117.82,1.9555,0.5759,32.261,7.4335,15.6466,0.6156,244.95,3.5611,0.5693,0.4022,3.6057,28930,9.1758,218.4235,42.554,1.4795,91.25,7.9555,1228000,1.7119,1.4292,6.9554,1168.84,2.103,1.6437,10.1079,1,,,,,,,
2002-01-12,0.8919,117.82,1.9555,0.5759,32.261,7.4335,15.6466,0.6156,244.95,3.5611,0.5693,0.4022,3.6057,28930,9.1758,218.4235,42.554,1.4795,91.25,7.9555,1228000,1.7119,1.4292,6.9554,1168.84,2.103,1.6437,10.1079,1,,,,,,,
2002-01-13,0.8919,117.82,1.9555,0.5759,32.261,7.4335,15.6466,0.6156,244.95,3.5611,0.5693,0.4022,3.6057,28930,9.1758,218.4235,42.554,1.4795,91.25,7.9555,1228000,1.7119,1.4292,6.9554,1168.84,2.103,1.6437,10.1079,1,,,,,,,
2002-01-14,0.8927,117.64,1.955,0.5761,32.28,7.4326,15.6466,0.6168,243.88,3.5697,0.5641,0.4018,3.5985,28570,9.243,219.9625,42.521,1.4791,91.58,7.9485,1219000,1.7229,1.4252,6.9617,1166.76,2.1077,1.6375,10.2506,1,,,,,,,
2002-01-15,0.8922,116.97,1.9536,0.5761,32.32,7.4337,15.6466,0.613,243.84,3.5677,0.5637,0.4019,3.6037,28637,9.1865,218.6726,42.579,1.4791,91.5,7.9265,1220000,1.7196,1.4209,6.9578,1170.48,2.1105,1.6282,10.3699,1,,,,,,,
2002-01-16,0.8817,115.83,1.951,0.5762,32.203,7.4306,15.6466,0.615,243.95,3.5257,0.5597,0.4002,3.6438,28300,9.2478,219.8864,42.4,1.4705,90.87,7.9035,1213000,1.7136,1.4027,6.876,1155.73,2.101,1.6147,10.2838,1,,,,,,,
2002-01-17,0.8819,116.47,1.9515,0.5763,32.362,7.4301,15.6466,0.6136,243.75,3.5272,0.56,0.4003,3.6748,28518,9.2443,220.2523,42.365,1.4659,90.94,7.887,1204000,1.7137,1.423,6.8777,1161.99,2.0945,1.6186,10.0605,1,,,,,,,
2002-01-18,0.881,117.08,1.9516,0.5764,31.84,7.4307,15.6466,0.6141,243.3,3.5227,0.561,0.4002,3.6893,28227,9.2338,219.9651,42.279,1.4698,90.5,7.9115,1190000,1.7129,1.4219,6.8708,1162.92,2.0847,1.6173,10.1179,1,,,,,,,
2002-01-19,0.881,117.08,1.9516,0.5764,31.84,7.4307,15.6466,0.6141,243.3,3.5227,0.561,0.4002,3.6893,28227,9.2338,219.9651,42.279,1.4698,90.5,7.9115,1190000,1.7129,1.4219,6.8708,1162.92,2.0847,1.6173,10.1179,1,,,,,,,
2002-01-20,0.881,117.08,1.9516,0.5764,31.84,7.4307,15.6466,0.6141,243.3,3.5227,0.561,0.4002,3.6893,28227,9.2338,219.9651,42.279,1.4698,90.5,7.9115,1190000,1.7129,1.4219,6.8708,1162.92,2.0847,1.6173,10.1179,1,,,,,,,
2002-01-21,0.884,117.24,1.9519,0.576,32.303,7.4321,15.6466,0.6152,243.85,3.5342,0.5632,0.4008,3.6657,28408,9.215,219.9364,42.34,1.4692,90.14,7.91,1178000,1.7072,1.4297,6.8943,1166.88,2.0686,1.6211,10.1476,1,,,,,,,
2002-01-22,0.883,118.53,1.9518,0.576,32.27,7.43,15.6466,0.6208,243.75,3.5316,0.5639,0.4011,3.6535,28232,9.2725,220.3887,42.298,1.4686,90.31,7.9145,1183000,1.7015,1.4202,6.8869,1175.27,2.0587,1.6259,10.2855,1,,,,,,,
2002-01-23,0.8856,118.72,1.9518,0.576,32.093,7.4307,15.6466,0.6159,243.4,3.5417,0.5654,0.4016,3.636,28135,9.2485,220.6118,42.34,1.4737,90.43,7.9005,1195000,1.7013,1.4233,6.9071,1178.91,2.0655,1.6282,10.0371,1,,,,,,,
2002-01-24,0.8767,117.95,1.9517,0.576,32.032,7.4299,15.6466,0.6156,243.5,3.5064,0.5619,0.4001,3.6193,27874,9.2415,220.5543,42.225,1.4687,90.15,7.9005,1186000,1.6976,1.403,6.8378,1162.07,2.0626,1.6133,9.8748,1,,,,,,,
2002-01-25,0.8663,116.35,1.9505,0.5761,31.823,7.4292,15.6466,0.6137,243.35,3.4637,0.5575,0.3997,3.5953,27508,9.2638,220.8115,42.268,1.4716,89.57,7.8445,1157000,1.6805,1.3934,6.7565,1145.77,2.0436,1.5886,9.8513,1,,,,,,,
2002-01-26,0.8663,116.35,1.9505,0.5761,31.823,7.4292,15.6466,0.6137,243.35,3.4637,0.5575,0.3997,3.5953,27508,9.2638,220.8115,42.268,1.4716,89.57,7.8445,1157000,1.6805,1.3934,6.7565,1145.77,2.0436,1.5886,9.8513,1,,,,,,,
2002-01-27,0.8663,116.35,1.9505,0.5761,31.823,7.4292,15.6466,0.6137,243.35,3.4637,0.5575,0.3997,3.5953,27508,9.2638,220.8115,42.268,1.4716,89.57,7.8445,1157000,1.6805,1.3934,6.7565,1145.77,2.0436,1.5886,9.8513,1,,,,,,,
2002-01-28,0.8578,114.91,1.9512,0.5763,31.803,7.4278,15.6466,0.6108,243.21,3.4297,0.5537,0.3967,3.5383,27386,9.2198,220.9393,42.332,1.4736,89.33,7.84,1148000,1.6679,1.383,6.6903,1133.15,2.0368,1.5746,9.9204,1,,,,,,,
2002-01-29,0.8624,114.94,1.9519,0.5763,31.84,7.4282,15.6466,0.6116,243.05,3.4474,0.5577,0.3973,3.5392,27798,9.2399,222.0085,42.252,1.4717,89.29,7.844,1136500,1.677,1.3697,6.7261,1128.54,2.041,1.5822,9.8311,1,,,,,,,
2002-01-30,0.8642,114.69,1.9516,0.5767,31.936,7.4284,15.6466,0.6087,243.49,3.4551,0.5575,0.3977,3.5667,27883,9.1985,221.9528,42.35,1.4709,89.4,7.828,1149000,1.7074,1.3712,6.7401,1132.97,2.0832,1.5852,9.8858,1,,,,,,,
2002-01-31,0.8637,114.73,1.9513,0.5765,31.902,7.4282,15.6466,0.6087,243.32,3.4538,0.5554,0.3976,3.5987,27750,9.15,222.2644,42.451,1.4748,89.13,7.833,1142000,1.6976,1.3672,6.7363,1130.93,2.072,1.5842,9.8131,1,,,,,,,
2002-02-01,0.8632,115.66,1.951,0.5765,31.91,7.4282,15.6466,0.6081,243,3.4528,0.5546,0.3975,3.585,27700,9.1913,222.5979,42.47,1.4781,88.65,7.8325,1133000,1.6933,1.3709,6.7324,1133.04,2.068,1.5845,10.0464,1,,,,,,,
2002-02-02,0.8632,115.66,1.951,0.5765,31.91,7.4282,15.6466,0.6081,243,3.4528,0.5546,0.3975,3.585,27700,9.1913,222.5979,42.47,1.4781,88.65,7.8325,1133000,1.6933,1.3709,6.7324,1133.04,2.068,1.5845,10.0464,1,,,,,,,
2002-02-03,0.8632,115.66,1.951,0.5765,31.91,7.4282,15.6466,0.6081,243,3.4528,0.5546,0.3975,3.585,27700,9.1913,222.5979,42.47,1.4781,88.65,7.8325,1133000,1.6933,1.3709,6.7324,1133.04,2.068,1.5845,10.0464,1,,,,,,,
2002-02-04,0.8644,115.22,1.9508,0.5763,31.857,7.4284,15.6466,0.6109,243.85,3.4528,0.5573,0.3976,3.635,27797,9.2477,222.7735,42.458,1.4805,88.31,7.8535,1136000,1.693,1.3747,6.742,1134.09,2.0645,1.5866,10.0981,1,,,,,,,
2002-02-05,0.8683,115.68,1.9511,0.576,31.878,7.4285,15.6466,0.6129,244.34,3.4532,0.5593,0.3983,3.637,27952,9.2317,222.7545,42.505,1.4751,88.51,7.8425,1137000,1.6993,1.3881,6.7722,1139.04,2.077,1.5929,10.0606,1,,,,,,,
2002-02-06,0.8664,115.55,1.9483,0.5756,31.865,7.4283,15.6466,0.6138,243.85,3.4532,0.5583,0.3981,3.6525,27775,9.2074,222.7125,42.478,1.4703,88.5,7.819,1153000,1.7067,1.3879,6.7575,1141.05,2.08,1.5879,9.9559,1,,,,,,,
2002-02-07,0.8664,115.74,1.9475,0.5756,31.88,7.4277,15.6466,0.6152,244.95,3.453,0.5577,0.3985,3.69,27790,9.2396,222.3532,42.453,1.4722,88.63,7.8135,1155000,1.707,1.3902,6.7574,1142.09,2.0865,1.585,9.9116,1,,,,,,,
2002-02-08,0.874,117.46,1.9472,0.5758,31.79,7.428,15.6466,0.617,243.95,3.4528,0.5613,0.3999,3.68,28055,9.2423,222.3532,42.356,1.4722,88.95,7.8345,1200000,1.7125,1.3956,6.8169,1153.85,2.092,1.6025,10.0044,1,,,,,,,
2002-02-09,0.874,117.46,1.9472,0.5758,31.79,7.428,15.6466,0.617,243.95,3.4528,0.5613,0.3999,3.68,28055,9.2423,222.3532,42.356,1.4722,88.95,7.8345,1200000,1.7125,1.3956,6.8169,1153.85,2.092,1.6025,10.0044,1,,,,,,,
2002-02-10,0.874,117.46,1.9472,0.5758,31.79,7.428,15.6466,0.617,243.95,3.4528,0.5613,0.3999,3.68,28055,9.2423,222.3532,42.356,1.4722,88.95,7.8345,1200000,1.7125,1.3956,6.8169,1153.85,2.092,1.6025,10.0044,1,,,,,,,
2002-02-11,0.8794,117.76,1.948,0.5758,31.743,7.4293,15.6466,0.616,243.45,3.453,0.5635,0.4005,3.674,28207,9.2485,222.5116,42.528,1.4781,88.93,7.842,1217000,1.7141,1.4015,6.8589,1160.81,2.0871,1.6115,10.1538,1,,,,,,,
2002-02-12,0.8753,116.95,1.9479,0.5759,31.77,7.4297,15.6466,0.6117,243.75,3.453,0.561,0.3994,3.6507,28100,9.2456,222.2654,42.54,1.4766,88.87,7.821,1202000,1.721,1.393,6.8272,1155.57,2.0943,1.6026,9.9976,1,,,,,,,
2002-02-13,0.8731,115.65,1.948,0.5762,31.715,7.4304,15.6466,0.6098,242.9,3.453,0.5585,0.3987,3.652,28000,9.2427,221.9627,42.482,1.4776,88.18,7.819,1178000,1.719,1.3926,6.8098,1152.67,2.09,1.597,9.9977,1,,,,,,,
2002-02-14,0.8693,114.91,1.9476,0.5763,31.67,7.4288,15.6466,0.6106,241.95,3.4525,0.5564,0.398,3.635,27907,9.2002,221.8263,42.183,1.4828,87.87,7.813,1166000,1.6864,1.3819,6.7802,1144.17,2.0671,1.5879,10.0569,1,,,,,,,
2002-02-15,0.8705,115.61,1.9479,0.5762,31.65,7.4284,15.6466,0.6095,240.55,3.4525,0.557,0.3983,3.6316,27938,9.1754,222.4737,42.228,1.4813,87.92,7.7535,1169000,1.6833,1.3852,6.7893,1145.75,2.066,1.5894,9.9856,1,,,,,,,
2002-02-16,0.8705,115.61,1.9479,0.5762,31.65,7.4284,15.6466,0.6095,240.55,3.4525,0.557,0.3983,3.6316,27938,9.1754,222.4737,42.228,1.4813,87.92,7.7535,1169000,1.6833,1.3852,6.7893,1145.75,2.066,1.5894,9.9856,1,,,,,,,
2002-02-17,0.8705,115.61,1.9479,0.5762,31.65,7.4284,15.6466,0.6095,240.55,3.4525,0.557,0.3983,3.6316,27938,9.1754,222.4737,42.228,1.4813,87.92,7.7535,1169000,1.6833,1.3852,6.7893,1145.75,2.066,1.5894,9.9856,1,,,,,,,
2002-02-18,0.8715,115.68,1.9476,0.5763,31.878,7.4297,15.6466,0.6093,241.34,3.4525,0.5577,0.3984,3.6213,28008,9.189,222.1152,42.25,1.4804,87.93,7.7535,1181000,1.684,1.3862,6.7971,1147.42,2.0625,1.5931,10.0478,1,,,,,,,
2002-02-19,0.8692,116.3,1.9476,0.5765,31.838,7.4301,15.6466,0.6118,243.07,3.4525,0.5569,0.3982,3.615,27920,9.2037,223.1876,42.171,1.4786,87.47,7.775,1181000,1.683,1.3814,6.7792,1147.34,2.068,1.5919,10.0775,1,,,,,,,
2002-02-20,0.8743,116.9,1.9479,0.5768,31.925,7.4314,15.6466,0.6093,243.65,3.4524,0.5589,0.399,3.6377,28213,9.1818,222.6186,42.068,1.4812,88.02,7.757,1203000,1.6903,1.3908,6.8189,1149.7,2.0795,1.598,9.9143,1,,,,,,,
2002-02-21,0.8701,116.79,1.9485,0.5769,31.852,7.4298,15.6466,0.6098,243.15,3.4525,0.5573,0.3983,3.6302,28252,9.1459,223.0854,42.099,1.4793,87.91,7.743,1205000,1.6883,1.3823,6.7861,1147.49,2.081,1.593,9.938,1,,,,,,,
2002-02-22,0.8747,117.07,1.9485,0.5767,31.72,7.4325,15.6466,0.6114,243.75,3.4525,0.5587,0.3991,3.6405,28348,9.1482,223.3361,41.93,1.4796,88.32,7.77,1213000,1.6975,1.3914,6.8219,1156.35,2.0859,1.602,10.0011,1,,,,,,,
2002-02-23,0.8747,117.07,1.9485,0.5767,31.72,7.4325,15.6466,0.6114,243.75,3.4525,0.5587,0.3991,3.6405,28348,9.1482,223.3361,41.93,1.4796,88.32,7.77,1213000,1.6975,1.3914,6.8219,1156.35,2.0859,1.602,10.0011,1,,,,,,,
2002-02-24,0.8747,117.07,1.9485,0.5767,31.72,7.4325,15.6466,0.6114,243.75,3.4525,0.5587,0.3991,3.6405,28348,9.1482,223.3361,41.93,1.4796,88.32,7.77,1213000,1.6975,1.3914,6.8219,1156.35,2.0859,1.602,10.0011,1,,,,,,,
2002-02-25,0.8724,116.66,1.9486,0.5767,31.73,7.4339,15.6466,0.6094,243.51,3.4524,0.5581,0.3988,3.6503,28262,9.086,223.3524,41.922,1.4772,87.82,7.735,1208000,1.6995,1.3938,6.8041,1149.82,2.0915,1.5979,9.9866,1,,,,,,,
2002-02-26,0.8682,116.38,1.9485,0.5763,31.775,7.4316,15.6466,0.6091,244.08,3.4524,0.5567,0.3979,3.6365,28075,9.073,223.4252,41.882,1.4761,87.54,7.7238,1209000,1.6891,1.3939,6.7713,1150.37,2.077,1.5911,9.8925,1,,,,,,,
2002-02-27,0.8649,116.6,1.949,0.5755,31.718,7.4313,15.6466,0.6098,245.51,3.452,0.5557,0.3977,3.6375,28123,9.079,223.2652,41.73,1.4767,87.31,7.7098,1219000,1.6832,1.3896,6.7454,1147.72,2.0673,1.5886,9.8549,1,,,,,,,
2002-02-28,0.8651,116.07,1.948,0.5753,31.612,7.4317,15.6466,0.613,245.63,3.4525,0.5555,0.3979,3.6475,28197,9.0639,223.4338,41.67,1.4759,86.97,7.713,1205000,1.6761,1.3886,6.747,1145.22,2.0576,1.587,9.8187,1,,,,,,,
2002-03-01,0.8679,115.69,1.948,0.5753,31.585,7.4309,15.6466,0.6095,245.55,3.4525,0.555,0.3981,3.6532,28300,9.0829,223.6432,41.713,1.4759,87.01,7.6835,1211000,1.6783,1.3886,6.7692,1148.93,2.0575,1.5886,9.7435,1,,,,,,,
2002-03-02,0.8679,115.69,1.948,0.5753,31.585,7.4309,15.6466,0.6095,245.55,3.4525,0.555,0.3981,3.6532,28300,9.0829,223.6432,41.713,1.4759,87.01,7.6835,1211000,1.6783,1.3886,6.7692,1148.93,2.0575,1.5886,9.7435,1,,,,,,,
2002-03-03,0.8679,115.69,1.948,0.5753,31.585,7.4309,15.6466,0.6095,245.55,3.4525,0.555,0.3981,3.6532,28300,9.0829,223.6432,41.713,1.4759,87.01,7.6835,1211000,1.6783,1.3886,6.7692,1148.93,2.0575,1.5886,9.7435,1,,,,,,,
2002-03-04,0.8649,114.4,1.9481,0.5748,31.493,7.43,15.6466,0.6109,244.62,3.4524,0.5533,0.3977,3.6168,28178,9.0274,223.0839,41.68,1.4779,86.71,7.6835,1197000,1.662,1.3762,6.7458,1140.28,2.0315,1.5814,9.5308,1,,,,,,,
2002-03-05,0.8682,114.46,1.9484,0.5745,31.575,7.4297,15.6466,0.6118,243.92,3.4523,0.5542,0.3982,3.6105,28294,9.014,223.2141,41.978,1.4766,87.25,7.687,1202000,1.6692,1.3798,6.7715,1142.9,2.0426,1.5866,9.5634,1,,,,,,,
2002-03-06,0.8712,114.86,1.9484,0.5744,31.54,7.4317,15.6466,0.6157,244.29,3.4522,0.5552,0.3988,3.619,28401,9.0433,223.1622,42.053,1.4767,88.12,7.701,1202000,1.6743,1.3836,6.7949,1146.76,2.046,1.5921,9.6649,1,,,,,,,
2002-03-07,0.8764,112.96,1.9487,0.5746,31.723,7.4313,15.6466,0.6177,244.85,3.4525,0.5564,0.4,3.6363,28612,9.0624,223.5127,42.108,1.4719,88.69,7.7188,1202000,1.673,1.3855,6.8353,1152.03,2.036,1.5954,10.1752,1,,,,,,,
2002-03-08,0.8797,112.5,1.9488,0.5748,31.661,7.4325,15.6466,0.6146,246.12,3.4526,0.5567,0.4003,3.6507,28730,9.077,223.2836,42.132,1.4708,88.17,7.7,1207000,1.6785,1.3946,6.8614,1156.19,2.0464,1.6013,10.1888,1,,,,,,,
2002-03-09,0.8797,112.5,1.9488,0.5748,31.661,7.4325,15.6466,0.6146,246.12,3.4526,0.5567,0.4003,3.6507,28730,9.077,223.2836,42.132,1.4708,88.17,7.7,1207000,1.6785,1.3946,6.8614,1156.19,2.0464,1.6013,10.1888,1,,,,,,,
2002-03-10,0.8797,112.5,1.9488,0.5748,31.661,7.4325,15.6466,0.6146,246.12,3.4526,0.5567,0.4003,3.6507,28730,9.077,223.2836,42.132,1.4708,88.17,7.7,1207000,1.6785,1.3946,6.8614,1156.19,2.0464,1.6013,10.1888,1,,,,,,,
2002-03-11,0.8741,112.52,1.9488,0.5748,31.622,7.4317,15.6466,0.6165,244.55,3.4523,0.5548,0.3996,3.6243,28577,9.0624,223.3151,42.131,1.4716,87.66,7.721,1192000,1.6785,1.3872,6.8176,1146.82,2.0473,1.5923,10.0414,1,,,,,,,
2002-03-12,0.8733,112.4,1.9486,0.5744,31.55,7.4317,15.6466,0.6182,244.9,3.4525,0.5549,0.3998,3.623,28547,9.0973,223.2245,42.071,1.4678,88.14,7.721,1192000,1.681,1.3831,6.8115,1151.45,2.045,1.5912,10.046,1,,,,,,,
2002-03-13,0.8734,113.02,1.9485,0.575,31.578,7.431,15.6466,0.6185,245.85,3.4521,0.5555,0.4,3.6278,28547,9.1122,223.4026,42.02,1.4681,88.11,7.7575,1192000,1.681,1.385,6.8123,1151.58,2.039,1.5934,10.1858,1,,,,,,,
2002-03-14,0.8803,113.25,1.9487,0.5754,31.6,7.4322,15.6466,0.621,245.83,3.4522,0.5578,0.4011,3.6457,28832,9.1229,223.4784,41.973,1.4655,88.24,7.745,1206000,1.688,1.4055,6.8659,1157.59,2.0508,1.6037,10.3053,1,0.6256,68.8311,26.7956,,,,
2002-03-15,0.8853,114.12,1.9489,0.5755,31.55,7.4333,15.6466,0.6193,245.96,3.4522,0.5601,0.4018,3.6428,28941,9.124,223.7849,42.119,1.4617,88.43,7.75,1197000,1.6879,1.4098,6.9049,1171.07,2.037,1.612,10.4873,1,0.6259,68.8948,26.7988,,,,
2002-03-16,0.8853,114.12,1.9489,0.5755,31.55,7.4333,15.6466,0.6193,245.96,3.4522,0.5601,0.4018,3.6428,28941,9.124,223.7849,42.119,1.4617,88.43,7.75,1197000,1.6879,1.4098,6.9049,1171.07,2.037,1.612,10.4873,1,0.6259,68.8948,26.7988,,,,
2002-03-17,0.8853,114.12,1.9489,0.5755,31.55,7.4333,15.6466,0.6193,245.96,3.4522,0.5601,0.4018,3.6428,28941,9.124,223.7849,42.119,1.4617,88.43,7.75,1197000,1.6879,1.4098,6.9049,1171.07,2.037,1.612,10.4873,1,0.6259,68.8948,26.7988,,,,
2002-03-18,0.8792,115.31,1.9489,0.5747,31.462,7.4323,15.6466,0.6184,245.35,3.4525,0.5582,0.4006,3.6177,28706,9.0634,223.7291,42.071,1.4633,88.21,7.7503,1185000,1.6793,1.3951,6.8571,1165.2,2.0214,1.6052,10.5041,1,0.6259,68.9428,26.8092,,,,
2002-03-19,0.8829,115.97,1.9497,0.576,31.393,7.4341,15.6466,0.6187,245.33,3.4523,0.5597,0.401,3.6233,28867,9.0251,223.6921,42.04,1.4661,89.03,7.737,1205000,1.6837,1.3969,6.8862,1171.26,2.033,1.6129,10.2496,1,0.6258,68.983,26.79,,,,
2002-03-20,0.8814,115.72,1.9503,0.5755,31.303,7.4332,15.6466,0.6187,244.41,3.4522,0.5588,0.401,3.6193,28834,9.0128,223.7476,42.025,1.4642,88.62,7.72,1189000,1.6638,1.3908,6.8746,1168.56,2.0041,1.6122,10.3013,1,0.6278,69.2057,26.9207,,,,
2002-03-21,0.8817,116.56,1.9505,0.5752,31.23,7.4341,15.6466,0.6183,244.26,3.4521,0.5591,0.4009,3.6225,29040,9.0064,223.8747,41.889,1.4633,88.83,7.706,1191000,1.6619,1.3956,6.8769,1169.84,2.002,1.6125,10.153,1,0.6263,69.0383,26.8538,,,,
2002-03-22,0.8795,116.76,1.9512,0.5753,31.153,7.4339,15.6466,0.6164,244.25,3.4522,0.5581,0.4004,3.6198,29047,9.0078,223.8733,41.819,1.4602,87.93,7.7,1180000,1.6536,1.3859,6.8598,1168.33,1.9989,1.6098,10.084,1,0.622,68.5391,26.6656,,,,
2002-03-23,0.8795,116.76,1.9512,0.5753,31.153,7.4339,15.6466,0.6164,244.25,3.4522,0.5581,0.4004,3.6198,29047,9.0078,223.8733,41.819,1.4602,87.93,7.7,1180000,1.6536,1.3859,6.8598,1168.33,1.9989,1.6098,10.084,1,0.622,68.5391,26.6656,,,,
2002-03-24,0.8795,116.76,1.9512,0.5753,31.153,7.4339,15.6466,0.6164,244.25,3.4522,0.5581,0.4004,3.6198,29047,9.0078,223.8733,41.819,1.4602,87.93,7.7,1180000,1.6536,1.3859,6.8598,1168.33,1.9989,1.6098,10.084,1,0.622,68.5391,26.6656,,,,
2002-03-25,0.8759,116.66,1.9515,0.575,31.103,7.4337,15.6466,0.6149,244.15,3.4524,0.5567,0.4005,3.6164,28930,9.0165,223.8901,41.758,1.4608,87.86,7.7085,1188000,1.6477,1.3871,6.8317,1161.88,1.9941,1.6088,10.111,1,0.622,68.5172,26.67,,,,
2002-03-26,0.8737,116.32,1.951,0.5756,31.12,7.4335,15.6466,0.6144,244.1,3.4524,0.5556,0.3992,3.6068,28780,9.0246,223.6004,41.8,1.4614,87.86,7.71,1175000,1.6529,1.3927,6.8141,1161.41,1.9999,1.6148,10.0744,1,0.6219,68.4318,26.6667,,,,
2002-03-27,0.8746,115.92,1.9503,0.5757,31.133,7.4332,15.6466,0.6123,243.75,3.4527,0.5563,0.3994,3.5923,28760,9.0279,223.6012,41.778,1.4656,87.37,7.7,1167000,1.6569,1.3897,6.8214,1160.59,2.0068,1.6112,9.947,1,0.6186,68.0986,26.5153,,,,
2002-03-28,0.8724,115.51,1.9504,0.5756,31.013,7.4336,15.6466,0.6111,243.54,3.4527,0.5548,0.399,3.5902,28751,9.0224,223.7477,41.852,1.467,87.23,7.7015,1172000,1.6382,1.3923,6.8044,1153.31,1.9825,1.6057,9.8711,1,0.6173,67.9761,26.4634,,,,
2002-03-29,0.8724,115.51,1.9504,0.5756,31.013,7.4336,15.6466,0.6111,243.54,3.4527,0.5548,0.399,3.5902,28751,9.0285,223.7477,41.852,1.467,87.23,7.702,1172000,1.6382,1.3923,6.8044,1153.31,1.9825,1.6057,9.8827,1,,,,,,,
2002-03-30,0.8724,115.51,1.9504,0.5756,31.013,7.4336,15.6466,0.6111,243.54,3.4527,0.5548,0.399,3.5902,28751,9.0285,223.7477,41.852,1.467,87.23,7.702,1172000,1.6382,1.3923,6.8044,1153.31,1.9825,1.6057,9.8827,1,,,,,,,
2002-03-31,0.8724,115.51,1.9504,0.5756,31.013,7.4336,15.6466,0.6111,243.54,3.4527,0.5548,0.399,3.5902,28751,9.0285,223.7477,41.852,1.467,87.23,7.702,1172000,1.6382,1.3923,6.8044,1153.31,1.9825,1.6057,9.8827,1,,,,,,,
2002-04-01,0.8724,115.51,1.9472,0.5756,31.013,7.4336,15.6466,0.6106,243.54,3.4523,0.5548,0.399,3.5738,28751,9.0125,223.7477,41.852,1.467,87.23,7.703,1172000,1.6382,1.3923,6.8044,1153.31,1.9825,1.6057,10.0083,1,0.6247,68.749,26.7423,6.1898,1989.52,7.4311,1333.37
2002-04-02,0.8786,117.2,1.951,0.5756,30.633,7.4328,15.6466,0.6122,243.48,3.4525,0.558,0.3994,3.6089,28873,9.0334,223.9371,41.749,1.4625,87.46,7.684,1172000,1.6464,1.4059,6.8527,1161.95,1.9892,1.6227,9.8765,1,0.6234,68.7213,26.7323,,,,
2002-04-03,0.8803,116.87,1.952,0.5758,30.52,7.4335,15.6466,0.6132,242.96,3.453,0.559,0.3998,3.6043,28862,9.0652,223.8476,41.659,1.4627,87.42,7.644,1173000,1.6572,1.401,6.8659,1170.31,2.0082,1.622,9.7977,1,0.6247,68.8541,26.74,,,,
2002-04-04,0.8818,116.68,1.9521,0.5758,30.338,7.4342,15.6466,0.6121,242.1,3.4535,0.5592,0.4002,3.5986,28985,9.032,223.9723,41.775,1.4617,87.53,7.646,1163000,1.6567,1.4029,6.8777,1173.19,1.9976,1.6216,9.8695,1,0.6221,68.5991,26.6657,,,,
2002-04-05,0.8786,115.98,1.952,0.5757,30.74,7.4335,15.6466,0.613,243.25,3.4532,0.5578,0.3997,3.5929,29000,9.023,223.8734,41.709,1.4658,87.36,7.648,1150000,1.6531,1.3997,6.8526,1164.58,1.9998,1.6131,9.7905,1,0.6233,68.7017,26.6807,,,,
2002-04-06,0.8786,115.98,1.952,0.5757,30.74,7.4335,15.6466,0.613,243.25,3.4532,0.5578,0.3997,3.5929,29000,9.023,223.8734,41.709,1.4658,87.36,7.648,1150000,1.6531,1.3997,6.8526,1164.58,1.9998,1.6131,9.7905,1,0.6233,68.7017,26.6807,,,,
2002-04-07,0.8786,115.98,1.952,0.5757,30.74,7.4335,15.6466,0.613,243.25,3.4532,0.5578,0.3997,3.5929,29000,9.023,223.8734,41.709,1.4658,87.36,7.648,1150000,1.6531,1.3997,6.8526,1164.58,1.9998,1.6131,9.7905,1,0.6233,68.7017,26.6807,,,,
2002-04-08,0.8778,115.61,1.9507,0.5757,30.738,7.4347,15.6466,0.611,243.02,3.4533,0.5572,0.3994,3.58,28870,9.0667,223.9627,41.699,1.4637,87.17,7.6485,1155000,1.6626,1.3957,6.8465,1161.33,2.0223,1.6123,9.7512,1,0.6202,68.3617,26.5618,,,,
2002-04-09,0.8763,115.29,1.9498,0.5756,30.22,7.4346,15.6466,0.6126,242.71,3.453,0.5567,0.3994,3.5945,28846,9.1104,224.1386,41.578,1.4665,86.59,7.6485,1144000,1.655,1.3985,6.8349,1165.13,2.0099,1.6099,9.8917,1,,68.9408,,,,,
2002-04-10,0.8798,114.74,1.9498,0.5757,30.382,7.4348,15.6466,0.6126,242.49,3.4525,0.557,0.3998,3.5932,28964,9.1033,224.1383,41.558,1.4666,86.73,7.648,1151000,1.6576,1.4023,6.8622,1165.03,2.0098,1.6131,9.8602,1,0.6244,68.9148,26.7381,,,,
2002-04-11,0.8794,115.8,1.9487,0.5758,30.072,7.4365,15.6466,0.6135,241.35,3.4523,0.5576,0.3999,3.5919,28968,9.0935,224.1146,41.46,1.4674,86.6,7.625,1138000,1.6451,1.3978,6.859,1165.21,1.9925,1.615,9.913,1,0.626,69.0909,26.8153,,,,
2002-04-12,0.8803,116.28,1.9484,0.5757,30.084,7.4367,15.6466,0.6104,242,3.4523,0.5585,0.3999,3.578,28990,9.0692,224.0623,41.465,1.4656,86.26,7.6065,1156000,1.6455,1.3989,6.8661,1168.16,1.9904,1.6186,9.8613,1,0.6234,68.8136,26.7059,,,,
2002-04-13,0.8803,116.28,1.9484,0.5757,30.084,7.4367,15.6466,0.6104,242,3.4523,0.5585,0.3999,3.578,28990,9.0692,224.0623,41.465,1.4656,86.26,7.6065,1156000,1.6455,1.3989,6.8661,1168.16,1.9904,1.6186,9.8613,1,0.6234,68.8136,26.7059,,,,
2002-04-14,0.8803,116.28,1.9484,0.5757,30.084,7.4367,15.6466,0.6104,242,3.4523,0.5585,0.3999,3.578,28990,9.0692,224.0623,41.465,1.4656,86.26,7.6065,1156000,1.6455,1.3989,6.8661,1168.16,1.9904,1.6186,9.8613,1,0.6234,68.8136,26.7059,,,,
2002-04-15,0.8802,115.79,1.9477,0.5757,30.06,7.436,15.6466,0.6117,241.35,3.4523,0.5579,0.3998,3.574,29095,9.1035,224.1487,41.468,1.4674,85.7,7.625,1149000,1.6525,1.3964,6.8653,1163.62,1.9966,1.6154,9.8297,1,0.6235,69.0148,26.7265,,,,
2002-04-16,0.8803,115.73,1.947,0.5757,30.103,7.4333,15.6466,0.6124,241.85,3.453,0.5574,0.3999,3.5811,29122,9.1604,224.1253,41.505,1.4695,85.76,7.635,1141000,1.6582,1.3974,6.8661,1162,2.0066,1.6158,9.9083,1,0.626,69.3156,26.8079,,,,
2002-04-17,0.888,115.97,1.9477,0.5757,30.268,7.4352,15.6466,0.6154,242.15,3.4529,0.5604,0.4011,3.5828,29402,9.1297,224.386,41.595,1.4707,86.34,7.645,1162000,1.6524,1.4014,6.926,1166.57,1.9966,1.6237,9.8901,1,0.6314,69.8008,27.0921,,,,
2002-04-18,0.8895,116.09,1.9484,0.5756,30.297,7.4344,15.6466,0.615,241.85,3.4531,0.5611,0.4014,3.5826,29462,9.186,224.4771,41.673,1.4685,86.4,7.645,1163000,1.6528,1.3986,6.9376,1163.64,1.9998,1.6229,9.8789,1,0.6317,69.8322,27.1042,,,,
2002-04-19,0.8886,115.92,1.9495,0.5758,30.15,7.4344,15.6466,0.6155,242.25,3.4533,0.5609,0.4011,3.581,29492,9.153,224.6264,41.63,1.4673,85.78,7.612,1159000,1.6464,1.3992,6.9305,1161.58,1.9857,1.6198,9.8912,1,0.6325,69.8029,27.1049,,,,
2002-04-20,0.8886,115.92,1.9495,0.5758,30.15,7.4344,15.6466,0.6155,242.25,3.4533,0.5609,0.4011,3.581,29492,9.153,224.6264,41.63,1.4673,85.78,7.612,1159000,1.6464,1.3992,6.9305,1161.58,1.9857,1.6198,9.8912,1,0.6325,69.8029,27.1049,,,,
2002-04-21,0.8886,115.92,1.9495,0.5758,30.15,7.4344,15.6466,0.6155,242.25,3.4533,0.5609,0.4011,3.581,29492,9.153,224.6264,41.63,1.4673,85.78,7.612,1159000,1.6464,1.3992,6.9305,1161.58,1.9857,1.6198,9.8912,1,0.6325,69.8029,27.1049,,,,
2002-04-22,0.8882,115.36,1.9502,0.576,30.179,7.4319,15.6466,0.6126,241.76,3.4533,0.5606,0.401,3.5727,29617,9.191,224.6127,41.633,1.4667,85.64,7.645,1173000,1.6464,1.3974,6.9274,1158.04,1.9886,1.613,9.7393,1,0.6306,69.6924,27.0408,,,,
2002-04-23,0.8872,115.42,1.9504,0.576,30.137,7.4314,15.6466,0.6136,240.75,3.4526,0.5602,0.4008,3.59,29575,9.1845,224.871,41.725,1.4684,85.43,7.595,1179000,1.6492,1.3953,6.9195,1154.51,1.99,1.614,9.7444,1,0.6302,69.6114,27.0358,,,,
2002-04-24,0.8892,115.43,1.9504,0.5763,30.27,7.4327,15.6466,0.6152,240.73,3.4525,0.5608,0.4013,3.6017,29632,9.1996,224.8232,41.912,1.4656,84.05,7.595,1187000,1.6475,1.3959,6.9352,1157.74,1.9915,1.6155,9.7495,1,0.6331,69.9571,27.0951,,,,
2002-04-25,0.8969,115.27,1.949,0.5767,30.385,7.4339,15.6466,0.6168,242.92,3.4524,0.5641,0.4027,3.6173,29900,9.2335,224.9638,41.91,1.4647,84.45,7.5825,1226000,1.6471,1.4032,6.9952,1159.33,1.989,1.6249,9.7802,1,0.6366,70.3427,27.2124,,,,
2002-04-26,0.8971,115.22,1.9504,0.5773,30.327,7.4336,15.6466,0.618,242.85,3.4525,0.5639,0.4026,3.5912,29940,9.2158,224.7882,41.935,1.4644,83.83,7.5735,1217000,1.6507,1.4034,6.9968,1159.59,1.9965,1.6223,9.6332,1,0.6396,70.6384,27.3757,,,,
2002-04-27,0.8971,115.22,1.9504,0.5773,30.327,7.4336,15.6466,0.618,242.85,3.4525,0.5639,0.4026,3.5912,29940,9.2158,224.7882,41.935,1.4644,83.83,7.5735,1217000,1.6507,1.4034,6.9968,1159.59,1.9965,1.6223,9.6332,1,0.6396,70.6384,27.3757,,,,
2002-04-28,0.8971,115.22,1.9504,0.5773,30.327,7.4336,15.6466,0.618,242.85,3.4525,0.5639,0.4026,3.5912,29940,9.2158,224.7882,41.935,1.4644,83.83,7.5735,1217000,1.6507,1.4034,6.9968,1159.59,1.9965,1.6223,9.6332,1,0.6396,70.6384,27.3757,,,,
2002-04-29,0.9038,115.69,1.951,0.5779,30.523,7.4335,15.6466,0.6191,242.55,3.4526,0.5663,0.4035,3.5879,30183,9.2322,224.9921,42.175,1.4637,84.72,7.58,1205000,1.6689,1.413,7.0489,1164.09,2.0122,1.6339,9.5563,1,0.6407,70.7185,27.4198,,,,
2002-04-30,0.9008,115.66,1.9513,0.5785,30.64,7.434,15.6466,0.6174,243.15,3.4526,0.5648,0.4033,3.5928,30112,9.228,224.9846,42.161,1.4621,84.44,7.5725,1209000,1.6772,1.4126,7.0255,1161.13,2.0163,1.6318,9.5659,1,0.6382,70.4857,27.2671,,,,
2002-05-01,0.9008,115.66,1.9513,0.5785,30.64,7.434,15.6466,0.6183,243.15,3.4526,0.5648,0.4033,3.5995,30112,9.2561,224.9846,42.161,1.4621,84.44,7.5575,1209000,1.6772,1.4126,7.0255,1161.13,2.0163,1.6318,9.5828,1,,,,,,,
2002-05-02,0.9032,115.51,1.9515,0.5785,30.618,7.4318,15.6466,0.617,243.37,3.4523,0.5656,0.4034,3.6243,30182,9.2526,224.9723,42.15,1.4564,83.91,7.562,1236000,1.6824,1.4123,7.044,1158.81,2.0213,1.6363,9.5326,1,0.6404,70.7245,27.3414,,,,
2002-05-03,0.9083,115.55,1.9514,0.5783,30.643,7.4334,15.6466,0.6243,244.32,3.4525,0.5672,0.4041,3.654,30342,9.2726,225.1646,42.234,1.4548,83.85,7.563,1239000,1.6876,1.4165,7.084,1161.72,2.0284,1.6389,9.5117,1,0.6504,71.8324,27.7698,,,,
2002-05-04,0.9083,115.55,1.9514,0.5783,30.643,7.4334,15.6466,0.6243,244.32,3.4525,0.5672,0.4041,3.654,30342,9.2726,225.1646,42.234,1.4548,83.85,7.563,1239000,1.6876,1.4165,7.084,1161.72,2.0284,1.6389,9.5117,1,0.6504,71.8324,27.7698,,,,
2002-05-05,0.9083,115.55,1.9514,0.5783,30.643,7.4334,15.6466,0.6243,244.32,3.4525,0.5672,0.4041,3.654,30342,9.2726,225.1646,42.234,1.4548,83.85,7.563,1239000,1.6876,1.4165,7.084,1161.72,2.0284,1.6389,9.5117,1,0.6504,71.8324,27.7698,,,,
2002-05-06,0.9144,116.34,1.9515,0.5788,30.532,7.4347,15.6466,0.6251,243.63,3.4524,0.57,0.4054,3.6295,30557,9.285,225.1882,42.12,1.4563,83.49,7.585,1260000,1.6982,1.431,7.1315,1166.96,2.0429,1.6484,9.546,1,0.651,71.8951,27.7939,,,,
2002-05-07,0.9125,116.97,1.9515,0.5777,30.407,7.4338,15.6466,0.6227,243.65,3.4524,0.5697,0.4052,3.6187,30433,9.3621,225.3362,42.125,1.4592,82.74,7.6255,1253000,1.6867,1.4322,7.1169,1162.98,2.0366,1.6503,9.3324,1,0.649,71.6758,27.6817,,,,
2002-05-08,0.9088,116.86,1.9514,0.5785,30.42,7.4343,15.6466,0.621,242.98,3.4524,0.5685,0.4046,3.6143,30251,9.2902,225.2634,42.205,1.4563,83.62,7.468,1249000,1.678,1.4238,7.0875,1163.26,2.0162,1.6437,9.2886,1,0.641,70.8441,27.3701,,,,
2002-05-09,0.9061,116.6,1.9512,0.5786,30.487,7.4351,15.6466,0.6224,243.99,3.452,0.5674,0.4043,3.6623,30260,9.3086,225.3225,42.428,1.4547,83.46,7.571,1255000,1.6753,1.4222,7.0667,1157.09,2.0129,1.6414,9.4102,1,,,,,,,
2002-05-10,0.9118,116.6,1.9525,0.5786,30.615,7.436,15.6466,0.6242,244.35,3.4524,0.5688,0.4052,3.657,30451,9.331,224.9177,42.568,1.4547,83.31,7.5615,1257000,1.677,1.4234,7.1113,1162.55,2.016,1.6467,9.2977,1,0.6481,71.612,27.6668,,,,
2002-05-11,0.9118,116.6,1.9525,0.5786,30.615,7.436,15.6466,0.6242,244.35,3.4524,0.5688,0.4052,3.657,30451,9.331,224.9177,42.568,1.4547,83.31,7.5615,1257000,1.677,1.4234,7.1113,1162.55,2.016,1.6467,9.2977,1,0.6481,71.612,27.6668,,,,
2002-05-12,0.9118,116.6,1.9525,0.5786,30.615,7.436,15.6466,0.6242,244.35,3.4524,0.5688,0.4052,3.657,30451,9.331,224.9177,42.568,1.4547,83.31,7.5615,1257000,1.677,1.4234,7.1113,1162.55,2.016,1.6467,9.2977,1,0.6481,71.612,27.6668,,,,
2002-05-13,0.9118,116.42,1.9519,0.5787,30.628,7.4366,15.6466,0.6258,243.95,3.4523,0.5689,0.4053,3.6946,30481,9.3373,224.874,42.52,1.4543,83.24,7.546,1268000,1.6686,1.4199,7.1112,1164.64,2.002,1.6455,9.2082,1,0.6453,71.4121,27.5714,,,,
2002-05-14,0.9062,116.17,1.9512,0.5785,30.522,7.4351,15.6466,0.6226,244.62,3.4524,0.5672,0.4046,3.6904,30318,9.2399,225.4275,42.518,1.4554,83.14,7.551,1270000,1.6596,1.4127,7.0675,1154.77,1.9895,1.636,9.1455,1,0.6392,70.7265,27.3248,,,,
2002-05-15,0.903,115.83,1.9491,0.5786,30.327,7.4351,15.6466,0.6244,243.62,3.4522,0.5657,0.404,3.725,30276,9.2357,225.269,42.615,1.4562,82.77,7.546,1255000,1.6533,1.4081,7.0426,1149.07,1.9777,1.6321,9.3027,1,0.6461,71.4984,27.6503,,,,
2002-05-16,0.9124,116.3,1.9521,0.5786,30.353,7.4364,15.6466,0.626,244.45,3.4528,0.5699,0.4055,3.7367,30591,9.221,225.0549,42.875,1.4559,83.41,7.555,1289000,1.661,1.4184,7.1155,1154,1.982,1.6439,9.2547,1,0.6457,71.4017,27.6124,,,,
2002-05-17,0.9152,115.65,1.9524,0.5786,30.458,7.4371,15.6466,0.631,245.06,3.4525,0.5705,0.4062,3.7683,30638,9.209,224.9307,43.085,1.4568,84.03,7.5465,1319000,1.6605,1.4189,7.1375,1150.04,1.9767,1.6431,9.2291,1,0.653,72.1143,27.8971,,,,
2002-05-18,0.9152,115.65,1.9524,0.5786,30.458,7.4371,15.6466,0.631,245.06,3.4525,0.5705,0.4062,3.7683,30638,9.209,224.9307,43.085,1.4568,84.03,7.5465,1319000,1.6605,1.4189,7.1375,1150.04,1.9767,1.6431,9.2291,1,0.653,72.1143,27.8971,,,,
2002-05-19,0.9152,115.65,1.9524,0.5786,30.458,7.4371,15.6466,0.631,245.06,3.4525,0.5705,0.4062,3.7683,30638,9.209,224.9307,43.085,1.4568,84.03,7.5465,1319000,1.6605,1.4189,7.1375,1150.04,1.9767,1.6431,9.2291,1,0.653,72.1143,27.8971,,,,
2002-05-20,0.9202,115.59,1.9528,0.5782,30.588,7.4377,15.6466,0.6307,245.98,3.4524,0.5721,0.4072,3.754,30833,9.2015,225.2957,43.27,1.4538,84.27,7.5355,1320000,1.6684,1.4182,7.1765,1148.96,1.9764,1.6495,9.246,1,,,,,,,
2002-05-21,0.9213,115.02,1.9533,0.5788,30.73,7.4378,15.6466,0.6295,245.86,3.4522,0.5731,0.4073,3.7685,30884,9.175,225.3108,43.7,1.4525,84.53,7.527,1307000,1.6591,1.4169,7.1887,1146.65,1.973,1.651,9.2869,1,0.6513,72.0242,27.8255,,,,
2002-05-22,0.926,115.15,1.9533,0.5788,30.937,7.4391,15.6466,0.634,243.07,3.4522,0.5752,0.4083,3.7818,31048,9.1307,225.1129,43.877,1.4526,85.71,7.4775,1306000,1.6598,1.4251,7.2225,1145.65,1.9605,1.6605,9.3629,1,,,,,,,
2002-05-23,0.9213,115.28,1.953,0.5788,30.631,7.438,15.6466,0.6332,242.35,3.4523,0.5733,0.4074,3.7755,30951,9.1198,225.2625,43.795,1.4537,85.46,7.451,1306000,1.6598,1.4162,7.1859,1138.82,1.9635,1.6614,9.3537,1,0.6524,72.1456,27.8631,,,,
2002-05-24,0.9188,114.94,1.9528,0.5784,30.593,7.4368,15.6466,0.6304,242.91,3.4524,0.572,0.4072,3.7536,30842,9.1275,225.2851,43.616,1.458,84.9,7.4415,1299000,1.6578,1.4157,7.1664,1133.06,1.963,1.6546,9.2255,1,0.652,72.1487,27.8557,,,,
2002-05-25,0.9188,114.94,1.9528,0.5784,30.593,7.4368,15.6466,0.6304,242.91,3.4524,0.572,0.4072,3.7536,30842,9.1275,225.2851,43.616,1.458,84.9,7.4415,1299000,1.6578,1.4157,7.1664,1133.06,1.963,1.6546,9.2255,1,0.652,72.1487,27.8557,,,,
2002-05-26,0.9188,114.94,1.9528,0.5784,30.593,7.4368,15.6466,0.6304,242.91,3.4524,0.572,0.4072,3.7536,30842,9.1275,225.2851,43.616,1.458,84.9,7.4415,1299000,1.6578,1.4157,7.1664,1133.06,1.963,1.6546,9.2255,1,0.652,72.1487,27.8557,,,,
2002-05-27,0.919,114.83,1.9527,0.5784,30.627,7.436,15.6466,0.6319,242.45,3.4525,0.5722,0.4072,3.7544,30862,9.1275,225.3786,43.543,1.459,84.82,7.4415,1291000,1.6516,1.4114,7.168,1124.21,1.9419,1.6524,9.1439,1,0.652,72.1487,27.8557,,,,
2002-05-28,0.9255,115.31,1.9533,0.5784,30.517,7.4363,15.6466,0.6358,243.22,3.4527,0.5764,0.4083,3.7546,31074,9.155,225.3461,43.734,1.4627,85.51,7.379,1303000,1.6503,1.4184,7.2188,1136.05,1.9449,1.66,9.1946,1,0.6575,72.7676,28.0947,,,,
2002-05-29,0.932,115.87,1.9535,0.5784,30.62,7.4365,15.6466,0.6393,243.75,3.4523,0.5791,0.4094,3.7732,31227,9.1595,225.2843,43.714,1.4658,85.7,7.4058,1321000,1.6494,1.4244,7.2695,1141.05,1.9541,1.6694,9.1344,1,0.6623,73.2964,28.3036,,,,
2002-05-30,0.9375,115.76,1.9535,0.5786,30.467,7.434,15.6466,0.639,243.34,3.4523,0.5809,0.4104,3.768,31426,9.1189,225.5733,43.688,1.4657,86.05,7.4432,1337000,1.66,1.4383,7.3123,1141.41,1.9658,1.6725,9.0616,1,0.6633,73.4609,28.3349,,,,
2002-05-31,0.9387,116.39,1.9521,0.579,30.418,7.4323,15.6466,0.64,242.6,3.4524,0.5815,0.4107,3.7528,31447,9.0954,225.4898,43.67,1.4644,85.77,7.473,1357000,1.6514,1.4382,7.3216,1139.96,1.9441,1.6758,9.1228,1,0.6612,73.203,28.252,,,,
2002-06-01,0.9387,116.39,1.9521,0.579,30.418,7.4323,15.6466,0.64,242.6,3.4524,0.5815,0.4107,3.7528,31447,9.0954,225.4898,43.67,1.4644,85.77,7.473,1357000,1.6514,1.4382,7.3216,1139.96,1.9441,1.6758,9.1228,1,0.6612,73.203,28.252,,,,
2002-06-02,0.9387,116.39,1.9521,0.579,30.418,7.4323,15.6466,0.64,242.6,3.4524,0.5815,0.4107,3.7528,31447,9.0954,225.4898,43.67,1.4644,85.77,7.473,1357000,1.6514,1.4382,7.3216,1139.96,1.9441,1.6758,9.1228,1,0.6612,73.203,28.252,,,,
2002-06-03,0.9313,115.67,1.9503,0.5791,30.405,7.4313,15.6466,0.6427,242.29,3.4524,0.5782,0.4097,3.7766,31232,9.0978,225.505,43.615,1.4673,85.24,7.4358,1362000,1.6424,1.4287,7.264,1142.15,1.9302,1.6642,9.2353,1,0.6662,73.7595,28.448,,,,
2002-06-04,0.9435,116.44,1.953,0.5799,30.365,7.4333,15.6466,0.6436,242.63,3.4529,0.5811,0.4118,3.7712,31537,9.126,225.6141,43.795,1.4682,85.38,7.4345,1358000,1.64,1.4417,7.3591,1141.73,1.9158,1.6831,9.1146,1,0.6651,73.6302,28.3699,,,,
2002-06-05,0.9371,116.55,1.9521,0.5799,30.483,7.4334,15.6466,0.6434,241.68,3.4525,0.5795,0.4108,3.7515,31215,9.1218,225.7521,44.276,1.4704,85.02,7.3898,1350000,1.636,1.4375,7.3092,1137.92,1.9193,1.6821,9.329,1,0.6651,73.6341,28.3715,,,,
2002-06-06,0.9386,117.13,1.9517,0.5801,30.55,7.4346,15.6466,0.6483,240.52,3.4527,0.5797,0.4111,3.783,31309,9.1725,225.8761,44.434,1.4744,84.68,7.4268,1356000,1.6401,1.4366,7.3208,1139.74,1.9166,1.6885,9.2401,1,0.6709,74.4379,28.5054,,,,
2002-06-07,0.9452,117.56,1.9524,0.5807,30.622,7.4351,15.6466,0.6461,241.52,3.4528,0.5821,0.4121,3.7962,31503,9.2147,225.6973,44.601,1.471,84.81,7.427,1371000,1.6482,1.4475,7.3725,1150.5,1.9268,1.6949,9.3068,1,0.6683,74.4777,28.5074,,,,
2002-06-08,0.9452,117.56,1.9524,0.5807,30.622,7.4351,15.6466,0.6461,241.52,3.4528,0.5821,0.4121,3.7962,31503,9.2147,225.6973,44.601,1.471,84.81,7.427,1371000,1.6482,1.4475,7.3725,1150.5,1.9268,1.6949,9.3068,1,0.6683,74.4777,28.5074,,,,
2002-06-09,0.9452,117.56,1.9524,0.5807,30.622,7.4351,15.6466,0.6461,241.52,3.4528,0.5821,0.4121,3.7962,31503,9.2147,225.6973,44.601,1.471,84.81,7.427,1371000,1.6482,1.4475,7.3725,1150.5,1.9268,1.6949,9.3068,1,0.6683,74.4777,28.5074,,,,
2002-06-10,0.9459,117.93,1.9513,0.5808,30.603,7.4361,15.6466,0.6462,241.6,3.4532,0.5821,0.4124,3.7984,31582,9.1765,225.8757,44.641,1.4725,84.92,7.427,1394000,1.6583,1.4527,7.3778,1154.47,1.9365,1.696,9.4145,1,0.666,74.8635,28.5191,,,,
2002-06-11,0.9417,118.14,1.9505,0.5803,30.42,7.4361,15.6466,0.644,241.16,3.4525,0.5801,0.412,3.8179,31427,9.1558,225.865,44.46,1.4752,84.7,7.4335,1422000,1.6623,1.4516,7.345,1144.64,1.9355,1.6868,9.4919,1,0.6686,75.314,28.6197,,,,
2002-06-12,0.9452,118.73,1.9493,0.5803,30.38,7.4363,15.6466,0.6416,241.25,3.4526,0.5815,0.4118,3.7946,31510,9.1517,225.9489,44.505,1.4774,84.93,7.4195,1468000,1.6594,1.4541,7.3723,1162.6,1.9255,1.6898,9.5791,1,0.6654,74.749,28.4792,,,,
2002-06-13,0.9417,118.24,1.9472,0.5803,30.48,7.4364,15.6466,0.6404,241.29,3.4527,0.5794,0.411,3.7948,31459,9.1452,225.9614,44.454,1.4762,84.64,7.411,1463000,1.6568,1.4491,7.3451,1152.26,1.9246,1.68,9.6898,1,0.6652,74.9368,28.4764,,,,
2002-06-14,0.9478,117.75,1.9478,0.5803,30.397,7.4371,15.6466,0.64,241.96,3.4524,0.5814,0.4119,3.824,31709,9.124,226.0296,44.61,1.4752,84.85,7.4379,1476000,1.672,1.4648,7.3928,1162.1,1.9443,1.694,9.8944,1,,74.3676,28.4422,,,,
2002-06-15,0.9478,117.75,1.9478,0.5803,30.397,7.4371,15.6466,0.64,241.96,3.4524,0.5814,0.4119,3.824,31709,9.124,226.0296,44.61,1.4752,84.85,7.4379,1476000,1.672,1.4648,7.3928,1162.1,1.9443,1.694,9.8944,1,,74.3676,28.4422,,,,
2002-06-16,0.9478,117.75,1.9478,0.5803,30.397,7.4371,15.6466,0.64,241.96,3.4524,0.5814,0.4119,3.824,31709,9.124,226.0296,44.61,1.4752,84.85,7.4379,1476000,1.672,1.4648,7.3928,1162.1,1.9443,1.694,9.8944,1,,74.3676,28.4422,,,,
2002-06-17,0.9426,117.1,1.9462,0.5803,30.49,7.4349,15.6466,0.6382,242.33,3.4523,0.5793,0.4109,3.8205,31480,9.0387,226.0561,44.67,1.4765,84.4,7.4192,1509000,1.6899,1.4594,7.3521,1159.4,1.9542,1.6867,10.0143,1,0.6657,73.9859,28.4991,,,,
2002-06-18,0.9484,118.13,1.9464,0.5798,30.482,7.4322,15.6466,0.6385,242.94,3.4521,0.5813,0.4109,3.7974,31743,9.07,226.0961,44.429,1.4762,84.62,7.404,1505000,1.6836,1.4635,7.3975,1160.84,1.9439,1.6999,9.7429,1,0.6749,74.4862,28.6141,,,,
2002-06-19,0.9561,118.37,1.9468,0.5797,30.467,7.432,15.6466,0.6413,243.42,3.4523,0.5839,0.4126,3.842,31901,9.0706,226.1154,44.334,1.474,85.37,7.353,1488000,1.6891,1.4747,7.4575,1176.19,1.9602,1.7076,9.7776,1,0.675,75.0163,28.8384,,,,
2002-06-20,0.9592,118.68,1.9464,0.5797,30.52,7.4327,15.6466,0.6433,243.65,3.4519,0.5849,0.4132,3.8769,31953,9.0502,226.1849,44.336,1.47,85.3,7.375,1478000,1.686,1.4737,7.4817,1165.33,1.959,1.7065,9.9779,1,0.6842,75.6117,28.9515,,,,
2002-06-21,0.9636,117.92,1.9466,0.58,30.307,7.4325,15.6466,0.6488,244.28,3.453,0.5861,0.4139,3.8982,32115,9.0472,226.2744,44.369,1.4693,85.41,7.39,1518000,1.6831,1.4728,7.516,1165.38,1.9486,1.7088,9.9466,1,0.6887,76.0528,29.1147,,,,
2002-06-22,0.9636,117.92,1.9466,0.58,30.307,7.4325,15.6466,0.6488,244.28,3.453,0.5861,0.4139,3.8982,32115,9.0472,226.2744,44.369,1.4693,85.41,7.39,1518000,1.6831,1.4728,7.516,1165.38,1.9486,1.7088,9.9466,1,0.6887,76.0528,29.1147,,,,
2002-06-23,0.9636,117.92,1.9466,0.58,30.307,7.4325,15.6466,0.6488,244.28,3.453,0.5861,0.4139,3.8982,32115,9.0472,226.2744,44.369,1.4693,85.41,7.39,1518000,1.6831,1.4728,7.516,1165.38,1.9486,1.7088,9.9466,1,0.6887,76.0528,29.1147,,,,
2002-06-24,0.9781,118.62,1.9463,0.5801,30.27,7.4301,15.6466,0.646,244.45,3.4521,0.5906,0.4165,3.9133,32588,9.0455,226.2657,44.416,1.4694,86.21,7.3723,1558000,1.6952,1.4836,7.6291,1176.17,1.9605,1.7271,10.103,1,0.684,76.3548,29.1546,,,,
2002-06-25,0.9712,118.2,1.9461,0.58,29.847,7.4283,15.6466,0.6509,243.44,3.4519,0.5884,0.415,3.9364,32449,9.0878,226.2741,44.271,1.4688,85.89,7.367,1532000,1.7026,1.4777,7.5753,1178.55,1.9867,1.7203,9.952,1,0.6904,77.1102,29.4182,,,,
2002-06-26,0.9917,118.54,1.9462,0.5801,29.91,7.4304,15.6466,0.6443,244.5,3.4522,0.5942,0.4174,3.9757,33107,9.0887,226.1586,44.38,1.4658,87.07,7.385,1625000,1.727,1.4995,7.7352,1183.1,1.996,1.7466,10.094,1,0.6913,77.2419,29.4278,,,,
2002-06-27,0.9824,118.07,1.9484,0.5804,29.73,7.4281,15.6466,0.6469,244.45,3.4522,0.5922,0.4162,4.0017,32930,9.0921,225.9877,43.985,1.4722,86.07,7.4025,1567000,1.743,1.4844,7.6627,1171.02,2.0096,1.7363,10.2366,1,0.6967,77.882,29.6506,,,,
2002-06-28,0.9975,118.2,1.9517,0.5797,29.267,7.4292,15.6466,0.6458,244.93,3.4523,0.5989,0.4182,4.0134,33408,9.075,226.5672,43.92,1.4721,86.18,7.4342,1578000,1.7702,1.5005,7.7805,1188.32,2.0397,1.7586,10.2295,1,,,,,,,
2002-06-29,0.9975,118.2,1.9517,0.5797,29.267,7.4292,15.6466,0.6458,244.93,3.4523,0.5989,0.4182,4.0134,33408,9.075,226.5672,43.92,1.4721,86.18,7.4342,1578000,1.7702,1.5005,7.7805,1188.32,2.0397,1.7586,10.2295,1,,,,,,,
2002-06-30,0.9975,118.2,1.9517,0.5797,29.267,7.4292,15.6466,0.6458,244.93,3.4523,0.5989,0.4182,4.0134,33408,9.075,226.5672,43.92,1.4721,86.18,7.4342,1578000,1.7702,1.5005,7.7805,1188.32,2.0397,1.7586,10.2295,1,,,,,,,
2002-07-01,0.9913,118.72,1.951,0.5795,29.253,7.4278,15.6466,0.6467,244.13,3.4526,0.5969,0.4171,3.9859,33041,9.0843,226.1959,43.909,1.4699,85.89,7.4135,1567000,1.7667,1.504,7.732,1190.55,2.04,1.7509,9.9201,1,0.6988,77.4702,29.8183,,,,
2002-07-02,0.9838,118.51,1.9509,0.5793,29.318,7.4283,15.6466,0.6418,244.32,3.4525,0.5942,0.4159,4.0206,32782,9.0623,226.1952,44.023,1.4663,85.43,7.3625,1582000,1.7563,1.5032,7.6736,1186.22,2.0218,1.7444,9.939,1,,,,,,,
2002-07-03,0.978,117.44,1.9512,0.5794,29.378,7.4283,15.6466,0.6416,245.15,3.4527,0.5919,0.4151,4.0283,32586,9.104,226.1949,44.201,1.462,84.66,7.3265,1599000,1.7526,1.4943,7.6284,1171.45,2.008,1.7322,9.9946,1,0.6913,77.3242,29.4195,,,,
2002-07-04,0.979,117.46,1.9485,0.5793,29.407,7.4279,15.6466,0.6407,248.55,3.4532,0.5922,0.4151,4.0283,32499,9.0902,226.1842,44.414,1.4646,84.76,7.3235,1591000,1.7608,1.4995,7.6362,1175.29,2.0152,1.7308,9.9723,1,,,,,,,
2002-07-05,0.9725,116.98,1.9473,0.5793,29.257,7.4278,15.6466,0.64,250.05,3.4531,0.5898,0.4144,4.0609,32312,9.1195,226.1348,44.426,1.4659,84.57,7.297,1559000,1.745,1.4875,7.5853,1171.72,2.0053,1.7228,9.7875,1,0.686,76.8302,29.2724,,,,
2002-07-06,0.9725,116.98,1.9473,0.5793,29.257,7.4278,15.6466,0.64,250.05,3.4531,0.5898,0.4144,4.0609,32312,9.1195,226.1348,44.426,1.4659,84.57,7.297,1559000,1.745,1.4875,7.5853,1171.72,2.0053,1.7228,9.7875,1,0.686,76.8302,29.2724,,,,
2002-07-07,0.9725,116.98,1.9473,0.5793,29.257,7.4278,15.6466,0.64,250.05,3.4531,0.5898,0.4144,4.0609,32312,9.1195,226.1348,44.426,1.4659,84.57,7.297,1559000,1.745,1.4875,7.5853,1171.72,2.0053,1.7228,9.7875,1,0.686,76.8302,29.2724,,,,
2002-07-08,0.9828,116.8,1.947,0.5793,29.333,7.4283,15.6466,0.6416,251.18,3.4533,0.5926,0.4156,4.1405,32597,9.1707,226.2177,44.424,1.4688,84.96,7.303,1630000,1.7445,1.497,7.6657,1169.53,2.0059,1.7327,10.0061,1,0.6984,78.4595,29.7195,,,,
2002-07-09,0.993,117.32,1.9461,0.5785,29.13,7.4278,15.6466,0.6417,253.6,3.4533,0.5965,0.4167,4.1903,32853,9.2386,226.6885,44.341,1.4721,85.37,7.306,1653000,1.7536,1.511,7.7451,1174.02,2.0185,1.7446,9.9126,1,0.7043,78.4042,29.7474,,,,
2002-07-10,0.9898,116.7,1.9461,0.5782,28.959,7.428,15.6466,0.6386,252.23,3.4533,0.5948,0.4159,4.1125,32660,9.2953,226.1465,44.476,1.4719,85.18,7.2915,1650000,1.7405,1.5034,7.7203,1157.47,2.0114,1.7333,9.8835,1,0.697,77.7534,29.6383,,,,
2002-07-11,0.9836,115.43,1.9461,0.5781,29.275,7.4279,15.6466,0.6363,249.1,3.4527,0.5918,0.4151,4.1479,32537,9.2725,226.161,44.651,1.4673,85.17,7.2975,1649000,1.766,1.5001,7.6719,1160.11,2.047,1.724,10.0178,1,0.6973,77.9905,29.6632,,,,
2002-07-12,0.9873,115.62,1.9462,0.5777,29.337,7.4282,15.6466,0.6384,246.53,3.453,0.5925,0.4155,4.1303,32665,9.2275,226.1963,44.599,1.4681,85.18,7.3345,1637000,1.7647,1.5063,7.7008,1157.91,2.042,1.7259,9.8579,1,0.6988,78.3148,29.5874,,,,
2002-07-13,0.9873,115.62,1.9462,0.5777,29.337,7.4282,15.6466,0.6384,246.53,3.453,0.5925,0.4155,4.1303,32665,9.2275,226.1963,44.599,1.4681,85.18,7.3345,1637000,1.7647,1.5063,7.7008,1157.91,2.042,1.7259,9.8579,1,0.6988,78.3148,29.5874,,,,
2002-07-14,0.9873,115.62,1.9462,0.5777,29.337,7.4282,15.6466,0.6384,246.53,3.453,0.5925,0.4155,4.1303,32665,9.2275,226.1963,44.599,1.4681,85.18,7.3345,1637000,1.7647,1.5063,7.7008,1157.91,2.042,1.7259,9.8579,1,0.6988,78.3148,29.5874,,,,
2002-07-15,1.0024,116.22,1.9466,0.5775,29.36,7.4289,15.6466,0.6397,246.55,3.4532,0.5975,0.4175,4.1998,33073,9.2505,226.7767,44.563,1.4694,85.24,7.3722,1697000,1.7839,1.5371,7.8186,1169.4,2.0518,1.7432,10.0568,1,0.7075,79.0546,30.0564,,,,
2002-07-16,1.0127,117.18,1.9463,0.5774,29.505,7.4288,15.6466,0.642,247.55,3.4533,0.6012,0.4189,4.153,33447,9.33,226.7795,44.715,1.4675,84.98,7.381,1718000,1.8054,1.5574,7.8989,1176.55,2.0805,1.7568,10.196,1,0.7174,79.5528,30.2528,,,,
2002-07-17,1.0064,117.39,1.9462,0.5772,29.713,7.4298,15.6466,0.6407,246.37,3.4533,0.5994,0.4181,4.1195,33070,9.2974,226.5522,44.775,1.466,84.19,7.389,1672000,1.8143,1.5512,7.8499,1179.3,2.085,1.7512,10.1859,1,0.71,79.1793,30.0807,,,,
2002-07-18,1.0058,117.7,1.9485,0.5765,29.727,7.4322,15.6466,0.6425,244.85,3.4533,0.5996,0.418,4.0685,33167,9.319,226.9361,44.694,1.4642,84.27,7.4015,1677000,1.8225,1.5502,7.8452,1171.56,2.09,1.7532,10.0168,1,0.7165,79.5174,30.1889,,,,
2002-07-19,1.0146,117.74,1.9494,0.5766,29.997,7.4315,15.6466,0.6406,244.8,3.4525,0.6026,0.4189,4.0902,33200,9.365,226.4019,44.754,1.4635,84.65,7.431,1694000,1.8271,1.5563,7.9138,1177.54,2.0926,1.757,10.0911,1,0.7132,79.7433,30.0966,,,,
2002-07-20,1.0146,117.74,1.9494,0.5766,29.997,7.4315,15.6466,0.6406,244.8,3.4525,0.6026,0.4189,4.0902,33200,9.365,226.4019,44.754,1.4635,84.65,7.431,1694000,1.8271,1.5563,7.9138,1177.54,2.0926,1.757,10.0911,1,0.7132,79.7433,30.0966,,,,
2002-07-21,1.0146,117.74,1.9494,0.5766,29.997,7.4315,15.6466,0.6406,244.8,3.4525,0.6026,0.4189,4.0902,33200,9.365,226.4019,44.754,1.4635,84.65,7.431,1694000,1.8271,1.5563,7.9138,1177.54,2.0926,1.757,10.0911,1,0.7132,79.7433,30.0966,,,,
2002-07-22,1.0086,117.33,1.9499,0.5766,30.31,7.4322,15.6466,0.6379,244.9,3.453,0.6005,0.418,4.0988,32990,9.5317,227.0215,44.86,1.4559,85.4,7.4822,1691000,1.8243,1.5596,7.867,1165.54,2.082,1.7488,10.0778,1,0.7111,79.4604,30.1097,,,,
2002-07-23,0.991,116.37,1.9477,0.5749,30.18,7.4331,15.6466,0.6324,244.74,3.4524,0.5932,0.4151,4.0609,32943,9.5072,226.684,44.565,1.4549,85.39,7.565,1665000,1.823,1.5625,7.7297,1152.63,2.0763,1.729,9.997,1,0.6971,77.868,29.5158,,,,
2002-07-24,0.9915,115.72,1.9464,0.575,30.265,7.4344,15.6466,0.6328,246.35,3.4526,0.5929,0.4151,4.0417,32487,9.4443,227.0066,44.634,1.4517,84.72,7.614,1677000,1.8494,1.5742,7.7336,1155.2,2.1401,1.731,10.2851,1,0.7017,78.4008,29.7083,,,,
2002-07-25,1.0014,116.8,1.9463,0.5752,30.34,7.4337,15.6466,0.634,244.45,3.4525,0.5977,0.4166,4.083,32843,9.444,226.856,44.724,1.4494,85.39,7.5835,1684000,1.8495,1.5713,7.8108,1162.53,2.1451,1.7469,10.1685,1,0.7082,79.1535,29.9608,,,,
2002-07-26,1.0008,117.55,1.9466,0.5752,30.672,7.4339,15.6466,0.6302,245.05,3.4525,0.5978,0.4161,4.0875,32715,9.2892,227.0791,44.501,1.4502,85.33,7.5402,1682000,1.8548,1.5722,7.8061,1181.34,2.1555,1.7587,10.1428,1,0.6959,77.816,29.468,,,,
2002-07-27,1.0008,117.55,1.9466,0.5752,30.672,7.4339,15.6466,0.6302,245.05,3.4525,0.5978,0.4161,4.0875,32715,9.2892,227.0791,44.501,1.4502,85.33,7.5402,1682000,1.8548,1.5722,7.8061,1181.34,2.1555,1.7587,10.1428,1,0.6959,77.816,29.468,,,,
2002-07-28,1.0008,117.55,1.9466,0.5752,30.672,7.4339,15.6466,0.6302,245.05,3.4525,0.5978,0.4161,4.0875,32715,9.2892,227.0791,44.501,1.4502,85.33,7.5402,1682000,1.8548,1.5722,7.8061,1181.34,2.1555,1.7587,10.1428,1,0.6959,77.816,29.468,,,,
2002-07-29,0.9821,117.42,1.9462,0.5752,30.425,7.4328,15.6466,0.6271,244.45,3.4525,0.5915,0.4135,4.0545,32227,9.273,226.8919,44.42,1.4529,83.77,7.5305,1667000,1.8213,1.5527,7.6602,1168.7,2.107,1.7324,9.8497,1,0.6915,77.3155,29.2785,,,,
2002-07-30,0.9835,117.64,1.9464,0.575,30.243,7.4315,15.6466,0.6243,244.4,3.4522,0.5921,0.4138,4.1111,32335,9.2499,226.9728,44.39,1.4579,84.07,7.4355,1662000,1.8055,1.5456,7.6712,1163.58,2.0863,1.7341,9.9733,1,0.6933,77.4673,29.3152,,,,
2002-07-31,0.9783,117.42,1.947,0.5746,30.33,7.4291,15.6466,0.6247,245.2,3.4522,0.5906,0.4128,4.0931,32110,9.2628,227.0066,44.3,1.4546,83.58,7.462,1660000,1.7885,1.5425,7.6306,1152.44,2.0788,1.7254,9.9727,1,0.6892,76.8844,29.1409,,,,
2002-08-01,0.976,116.94,1.9468,0.5745,30.277,7.4291,15.6466,0.6302,244.95,3.4524,0.5895,0.4127,4.1274,32130,9.4379,226.8914,44.23,1.4505,82.9,7.5205,1646000,1.8121,1.5461,7.6127,1149.53,2.1074,1.7216,10.1084,1,0.6941,77.3325,29.3479,,,,
2002-08-02,0.9873,117.62,1.947,0.5742,30.52,7.4295,15.6466,0.6279,245.97,3.4527,0.5929,0.4142,4.1323,32525,9.4781,226.9765,44.465,1.4504,84.12,7.519,1627000,1.8277,1.5688,7.7008,1164.32,2.1216,1.7297,10.1118,1,0.6956,77.4482,29.1886,,,,
2002-08-03,0.9873,117.62,1.947,0.5742,30.52,7.4295,15.6466,0.6279,245.97,3.4527,0.5929,0.4142,4.1323,32525,9.4781,226.9765,44.465,1.4504,84.12,7.519,1627000,1.8277,1.5688,7.7008,1164.32,2.1216,1.7297,10.1118,1,0.6956,77.4482,29.1886,,,,
2002-08-04,0.9873,117.62,1.947,0.5742,30.52,7.4295,15.6466,0.6279,245.97,3.4527,0.5929,0.4142,4.1323,32525,9.4781,226.9765,44.465,1.4504,84.12,7.519,1627000,1.8277,1.5688,7.7008,1164.32,2.1216,1.7297,10.1118,1,0.6956,77.4482,29.1886,,,,
2002-08-05,0.9836,117.1,1.9462,0.5739,30.493,7.4297,15.6466,0.6282,245.05,3.4522,0.5918,0.4139,4.093,32435,9.4439,227.0077,44.424,1.4543,84.01,7.5255,1608000,1.8327,1.5606,7.672,1172.94,2.1295,1.727,10.2749,1,0.691,76.8928,29.1889,,,,
2002-08-06,0.9689,117.12,1.9461,0.5737,30.333,7.4275,15.6466,0.6276,244.08,3.4523,0.588,0.4121,4.0736,32126,9.3311,227.1978,44.244,1.4546,83.14,7.5248,1597000,1.8391,1.5486,7.5574,1166.56,2.1505,1.7172,10.2498,1,0.6812,75.8024,28.775,,,,
2002-08-07,0.9698,116.89,1.9461,0.5737,30.707,7.4276,15.6466,0.633,244.5,3.4525,0.5884,0.4126,4.0812,32100,9.2938,227.2338,44.214,1.459,83.1,7.507,1587000,1.8206,1.5313,7.5644,1167.15,2.1415,1.7168,10.1411,1,0.6874,76.4156,29.055,,,,
2002-08-08,0.9687,116.92,1.9461,0.5741,30.723,7.4276,15.6466,0.6307,244.65,3.4523,0.5882,0.4129,4.0714,32036,9.2815,227.2814,43.926,1.4621,83.24,7.4745,1583000,1.8113,1.5228,7.5557,1164.09,2.1292,1.7125,10.066,1,0.6819,75.905,28.8144,,,,
2002-08-09,0.9729,117.17,1.9461,0.5741,30.973,7.4277,15.6466,0.636,244.16,3.4523,0.5893,0.4136,4.0734,32166,9.2803,227.2312,44.122,1.4588,83.24,7.4575,1595000,1.8153,1.529,7.5885,1166.02,2.1256,1.7188,10.1477,1,0.6842,76.2571,28.6929,,,,
2002-08-10,0.9729,117.17,1.9461,0.5741,30.973,7.4277,15.6466,0.636,244.16,3.4523,0.5893,0.4136,4.0734,32166,9.2803,227.2312,44.122,1.4588,83.24,7.4575,1595000,1.8153,1.529,7.5885,1166.02,2.1256,1.7188,10.1477,1,0.6842,76.2571,28.6929,,,,
2002-08-11,0.9729,117.17,1.9461,0.5741,30.973,7.4277,15.6466,0.636,244.16,3.4523,0.5893,0.4136,4.0734,32166,9.2803,227.2312,44.122,1.4588,83.24,7.4575,1595000,1.8153,1.529,7.5885,1166.02,2.1256,1.7188,10.1477,1,0.6842,76.2571,28.6929,,,,
2002-08-12,0.978,116.53,1.9462,0.5738,31.036,7.4278,15.6466,0.6385,244.69,3.4527,0.5907,0.4146,4.095,32182,9.25,227.2786,44.115,1.4618,83.77,7.4545,1606000,1.8083,1.5368,7.6285,1173.6,2.1108,1.7191,10.2151,1,0.6902,76.9289,29.166,,,,
2002-08-13,0.9799,116.54,1.9461,0.5733,31.293,7.4277,15.6466,0.64,245.11,3.4532,0.5913,0.4148,4.1086,32308,9.2649,227.3154,44.193,1.4644,84.38,7.439,1602000,1.8217,1.5435,7.6431,1175.39,2.1243,1.7243,10.3808,1,0.6936,77.3021,29.2976,,,,
2002-08-14,0.9857,114.9,1.9461,0.5734,31.388,7.4278,15.6466,0.6368,246.67,3.4531,0.5918,0.4155,4.0855,32584,9.2084,227.1859,44.356,1.4596,84.81,7.4485,1611000,1.8312,1.5426,7.6883,1169.04,2.133,1.72,10.3465,1,0.6907,76.9839,29.177,,,,
2002-08-15,0.9777,114.82,1.9461,0.5729,31.307,7.4276,15.6466,0.6389,245.78,3.4531,0.5886,0.414,4.0926,32366,9.2468,227.3593,44.3,1.4626,83.94,7.4325,1622000,1.8069,1.5252,7.6268,1159.55,2.105,1.7085,10.411,1,0.6923,77.1607,29.0672,,,,
2002-08-16,0.9825,115.37,1.9463,0.5733,31.163,7.4264,15.6466,0.6388,246.45,3.453,0.589,0.4153,4.1028,32417,9.2097,227.2656,43.695,1.4645,84.09,7.391,1607000,1.802,1.5315,7.6634,1163.18,2.1138,1.7161,10.4041,1,0.6945,77.4043,29.3363,,,,
2002-08-17,0.9825,115.37,1.9463,0.5733,31.163,7.4264,15.6466,0.6388,246.45,3.453,0.589,0.4153,4.1028,32417,9.2097,227.2656,43.695,1.4645,84.09,7.391,1607000,1.802,1.5315,7.6634,1163.18,2.1138,1.7161,10.4041,1,0.6945,77.4043,29.3363,,,,
2002-08-18,0.9825,115.37,1.9463,0.5733,31.163,7.4264,15.6466,0.6388,246.45,3.453,0.589,0.4153,4.1028,32417,9.2097,227.2656,43.695,1.4645,84.09,7.391,1607000,1.802,1.5315,7.6634,1163.18,2.1138,1.7161,10.4041,1,0.6945,77.4043,29.3363,,,,
2002-08-19,0.9799,116.15,1.9465,0.5733,30.96,7.4266,15.6466,0.6396,246.44,3.4525,0.5884,0.4145,4.067,32212,9.221,227.4495,43.57,1.4673,83.79,7.3705,1609000,1.8018,1.5249,7.6431,1169.02,2.099,1.7142,10.3641,1,,76.7089,29.0728,,,,
2002-08-20,0.9792,116.3,1.9464,0.5734,30.675,7.4268,15.6466,0.6399,245.64,3.4525,0.5888,0.4151,4.0696,32406,9.174,227.3318,43.63,1.4694,83.83,7.348,1598000,1.794,1.5387,7.6377,1165.25,2.0876,1.7124,10.5187,1,0.6903,76.9328,29.1576,,,,
2002-08-21,0.9762,115.81,1.9469,0.5735,30.818,7.4268,15.6466,0.6399,244.65,3.452,0.5883,0.4147,4.0807,32247,9.1325,226.9818,43.65,1.4692,83.66,7.3805,1589000,1.79,1.5308,7.6142,1163.63,2.0845,1.7083,10.648,1,0.6913,77.0664,29.2008,,,,
2002-08-22,0.977,116.24,1.9471,0.5735,31.035,7.4264,15.6466,0.6372,244.9,3.4526,0.5889,0.4146,4.0671,32348,9.186,227.2972,43.756,1.4691,83.98,7.4115,1596000,1.8087,1.5224,7.6205,1161.36,2.1054,1.7142,10.5534,1,,76.1625,28.8583,,,,
2002-08-23,0.9697,116.3,1.9478,0.5735,30.87,7.4253,15.6466,0.6391,244.82,3.453,0.5878,0.4135,4.0601,32200,9.1895,227.4896,43.714,1.4724,83.97,7.413,1588000,1.784,1.5105,7.5636,1161.22,2.074,1.7042,10.5253,1,0.686,76.5021,28.976,,,,
2002-08-24,0.9697,116.3,1.9478,0.5735,30.87,7.4253,15.6466,0.6391,244.82,3.453,0.5878,0.4135,4.0601,32200,9.1895,227.4896,43.714,1.4724,83.97,7.413,1588000,1.784,1.5105,7.5636,1161.22,2.074,1.7042,10.5253,1,0.686,76.5021,28.976,,,,
2002-08-25,0.9697,116.3,1.9478,0.5735,30.87,7.4253,15.6466,0.6391,244.82,3.453,0.5878,0.4135,4.0601,32200,9.1895,227.4896,43.714,1.4724,83.97,7.413,1588000,1.784,1.5105,7.5636,1161.22,2.074,1.7042,10.5253,1,0.686,76.5021,28.976,,,,
2002-08-26,0.9701,116.13,1.9477,0.5739,30.591,7.4252,15.6466,0.6384,245.4,3.4525,0.5883,0.4135,4.064,32164,9.123,226.5232,43.61,1.4699,84.98,7.413,1583000,1.7845,1.5097,7.5666,1168.97,2.0757,1.7054,10.4828,1,0.6851,76.3747,28.929,,,,
2002-08-27,0.9774,115.46,1.9473,0.5735,30.692,7.4253,15.6466,0.6411,246.05,3.4525,0.5903,0.4141,4.0941,32477,9.1328,226.6621,43.694,1.4697,85.4,7.386,1598000,1.7666,1.5154,7.6236,1167.8,2.0727,1.7123,10.3304,1,,77.2825,29.2729,,,,
2002-08-28,0.9826,116.02,1.9479,0.5736,30.667,7.4253,15.6466,0.6383,246.01,3.4525,0.5917,0.4142,4.0641,32651,9.133,227.3372,43.566,1.4706,85.43,7.389,1603000,1.7782,1.5283,7.6643,1174.21,2.082,1.7176,10.3586,1,0.6903,77.0386,28.8375,,,,
2002-08-29,0.9843,116.04,1.9482,0.5736,30.551,7.4246,15.6466,0.6365,245.5,3.4524,0.5918,0.4141,4.0833,32788,9.1493,227.5537,43.524,1.4702,86.54,7.3865,1601000,1.783,1.534,7.6774,1176.83,2.098,1.722,10.4511,1,0.6944,77.4831,29.3092,,,,
2002-08-30,0.9833,116.35,1.9482,0.5732,30.444,7.4252,15.6466,0.6331,245.2,3.4524,0.5907,0.4137,4.0521,32689,9.2172,227.6933,43.41,1.4694,86.42,7.3891,1602000,1.78,1.5315,7.6697,1176.03,2.097,1.7195,10.3287,1,,77.4337,29.225,,,,
2002-08-31,0.9833,116.35,1.9482,0.5732,30.444,7.4252,15.6466,0.6331,245.2,3.4524,0.5907,0.4137,4.0521,32689,9.2172,227.6933,43.41,1.4694,86.42,7.3891,1602000,1.78,1.5315,7.6697,1176.03,2.097,1.7195,10.3287,1,,77.4337,29.225,,,,
2002-09-01,0.9833,116.35,1.9482,0.5732,30.444,7.4252,15.6466,0.6331,245.2,3.4524,0.5907,0.4137,4.0521,32689,9.2172,227.6933,43.41,1.4694,86.42,7.3891,1602000,1.78,1.5315,7.6697,1176.03,2.097,1.7195,10.3287,1,,77.4337,29.225,,,,
2002-09-02,0.9821,116.08,1.9475,0.5732,30.255,7.4256,15.6466,0.6346,244.63,3.4524,0.5903,0.4128,4.0521,32508,9.2523,227.6115,43.34,1.4714,86.81,7.418,1594000,1.7803,1.5301,7.6603,1175.77,2.0891,1.7181,10.4649,1,0.693,77.4035,29.2414,,,,
2002-09-03,0.991,116.23,1.9482,0.5734,30.356,7.4261,15.6466,0.6365,245.18,3.4528,0.593,0.4141,4.184,32793,9.343,227.7253,43.235,1.4698,87.36,7.4395,1608000,1.8016,1.539,7.7297,1184.74,2.1055,1.7316,10.6853,1,0.7028,78.5137,29.6608,,,,
2002-09-04,0.9947,117.05,1.9476,0.5731,30.393,7.4263,15.6466,0.634,246.05,3.4528,0.5949,0.4142,4.101,32872,9.2743,227.8882,43.32,1.4646,87.77,7.4,1619000,1.8262,1.5444,7.7585,1183.79,2.1339,1.737,10.586,1,0.6999,78.1494,29.5145,,,,
2002-09-05,0.9975,117.34,1.9477,0.5732,30.327,7.4269,15.6466,0.6336,245.19,3.4526,0.5954,0.4143,4.1199,32902,9.2585,227.8874,43.364,1.4582,86.85,7.3874,1622000,1.832,1.5691,7.7805,1183.04,2.1375,1.7406,10.4735,1,0.6991,78.0588,29.4803,,,,
2002-09-06,0.9918,117.32,1.9478,0.5731,30.187,7.4257,15.6466,0.6311,244.88,3.4535,0.5932,0.4137,4.107,32743,9.2145,227.8284,43.266,1.459,86.31,7.353,1610000,1.8222,1.5558,7.736,1181.23,2.1165,1.734,10.3076,1,0.6922,77.3167,29.1693,,,,
2002-09-07,0.9918,117.32,1.9478,0.5731,30.187,7.4257,15.6466,0.6311,244.88,3.4535,0.5932,0.4137,4.107,32743,9.2145,227.8284,43.266,1.459,86.31,7.353,1610000,1.8222,1.5558,7.736,1181.23,2.1165,1.734,10.3076,1,0.6922,77.3167,29.1693,,,,
2002-09-08,0.9918,117.32,1.9478,0.5731,30.187,7.4257,15.6466,0.6311,244.88,3.4535,0.5932,0.4137,4.107,32743,9.2145,227.8284,43.266,1.459,86.31,7.353,1610000,1.8222,1.5558,7.736,1181.23,2.1165,1.734,10.3076,1,0.6922,77.3167,29.1693,,,,
2002-09-09,0.9794,116.79,1.9469,0.573,30.027,7.4259,15.6466,0.6293,243.95,3.4534,0.5892,0.4127,4.0875,32430,9.182,227.8788,43.22,1.4576,85.66,7.3665,1608000,1.7935,1.529,7.6395,1167.25,2.0902,1.7151,10.3098,1,0.6945,77.1072,29.1289,,,,
2002-09-10,0.976,116.44,1.9467,0.573,29.903,7.4263,15.6466,0.6285,243.25,3.453,0.5876,0.4124,4.0503,32315,9.1805,227.955,43.16,1.4603,84.8,7.3775,1634000,1.775,1.5315,7.613,1164.37,2.0715,1.7114,10.3467,1,0.6915,76.7844,29.007,,,,
2002-09-11,0.9749,116.93,1.9461,0.5731,29.792,7.4258,15.6466,0.6279,243.59,3.4525,0.587,0.4122,4.0507,32202,9.1655,228.04,43.151,1.4624,84.59,7.3772,1612000,1.7826,1.5386,7.6042,1167.44,2.076,1.7118,10.2898,1,0.692,76.8396,28.8911,,,,
2002-09-12,0.9757,117.17,1.9461,0.5731,29.853,7.4257,15.6466,0.6288,243.51,3.4528,0.5878,0.4124,4.0727,32282,9.2016,228.0255,43.063,1.4656,84.65,7.352,1626000,1.7646,1.5425,7.61,1167.33,2.0539,1.7167,10.2222,1,0.6962,77.304,29.2033,,,,
2002-09-13,0.981,117.94,1.9462,0.5733,30.107,7.4263,15.6466,0.6257,243.81,3.4524,0.5906,0.4127,4.083,32407,9.212,228.0396,43.231,1.4679,84.97,7.3465,1628000,1.7793,1.5521,7.651,1175.92,2.0635,1.7322,10.2495,1,0.689,76.4971,28.8887,,,,
2002-09-14,0.981,117.94,1.9462,0.5733,30.107,7.4263,15.6466,0.6257,243.81,3.4524,0.5906,0.4127,4.083,32407,9.212,228.0396,43.231,1.4679,84.97,7.3465,1628000,1.7793,1.5521,7.651,1175.92,2.0635,1.7322,10.2495,1,0.689,76.4971,28.8887,,,,
2002-09-15,0.981,117.94,1.9462,0.5733,30.107,7.4263,15.6466,0.6257,243.81,3.4524,0.5906,0.4127,4.083,32407,9.212,228.0396,43.231,1.4679,84.97,7.3465,1628000,1.7793,1.5521,7.651,1175.92,2.0635,1.7322,10.2495,1,0.689,76.4971,28.8887,,,,
2002-09-16,0.9683,118.3,1.9463,0.5733,30.347,7.4266,15.6466,0.6288,243.45,3.4524,0.5874,0.4121,4.0524,32063,9.0982,228.15,43.219,1.4684,84.86,7.335,1621000,1.7692,1.5318,7.5522,1176.48,2.0601,1.7245,10.4131,1,0.6872,76.4738,28.8256,,,,
2002-09-17,0.9649,118.64,1.9461,0.5732,30.38,7.4273,15.6466,0.6316,243.27,3.4524,0.5868,0.4122,4.028,32065,9.1305,228.2132,43.386,1.4717,85.25,7.3365,1612000,1.7683,1.5217,7.5257,1175.92,2.06,1.7189,10.2297,1,0.691,76.8999,28.8887,,,,
2002-09-18,0.9725,118.5,1.946,0.5732,30.21,7.4289,15.6466,0.6304,243.66,3.4522,0.5887,0.4122,4.0543,32282,9.1045,228.2114,43.384,1.469,86.27,7.335,1622000,1.7764,1.543,7.5851,1174.78,2.0663,1.7248,10.3587,1,0.6934,77.1643,29.076,,,,
2002-09-19,0.9814,118.85,1.9462,0.5733,30.1,7.429,15.6466,0.6332,242.95,3.4525,0.5919,0.4129,4.0552,32593,9.101,228.1936,43.212,1.4678,86.4,7.332,1637000,1.7778,1.5416,7.6545,1181.9,2.064,1.7365,10.3414,1,0.6995,77.6948,29.3218,,,,
2002-09-20,0.979,120.66,1.9474,0.5737,29.967,7.4302,15.6466,0.6316,243.12,3.4525,0.592,0.4133,4.0517,32700,9.0485,228.28,43.131,1.4662,86.38,7.36,1627000,1.7919,1.5403,7.6359,1179.7,2.0772,1.7419,10.4112,1,0.6964,77.4465,29.1812,,,,
2002-09-21,0.979,120.66,1.9474,0.5737,29.967,7.4302,15.6466,0.6316,243.12,3.4525,0.592,0.4133,4.0517,32700,9.0485,228.28,43.131,1.4662,86.38,7.36,1627000,1.7919,1.5403,7.6359,1179.7,2.0772,1.7419,10.4112,1,0.6964,77.4465,29.1812,,,,
2002-09-22,0.979,120.66,1.9474,0.5737,29.967,7.4302,15.6466,0.6316,243.12,3.4525,0.592,0.4133,4.0517,32700,9.0485,228.28,43.131,1.4662,86.38,7.36,1627000,1.7919,1.5403,7.6359,1179.7,2.0772,1.7419,10.4112,1,0.6964,77.4465,29.1812,,,,
2002-09-23,0.9831,121.04,1.9478,0.574,30.213,7.4297,15.6466,0.6303,243.15,3.4525,0.594,0.4132,4.0626,32658,9.06,228.1515,42.653,1.4636,86.08,7.3485,1627000,1.7982,1.547,7.6681,1199.87,2.0862,1.7457,10.4901,1,0.6935,77.1272,29.0609,,,,
2002-09-24,0.9828,121.02,1.9475,0.5739,30.292,7.427,15.6466,0.6284,243.52,3.4524,0.5949,0.4131,4.0718,32557,9.0878,228.125,42.416,1.4626,85.17,7.314,1626000,1.8087,1.5617,7.6657,1197.54,2.0905,1.748,10.4717,1,0.6958,77.3834,29.1672,,,,
2002-09-25,0.9771,119.99,1.9471,0.5739,30.377,7.4272,15.6466,0.627,243.95,3.4524,0.5922,0.4124,4.051,32280,9.1578,228.2565,41.929,1.4645,85.37,7.3265,1612000,1.7913,1.5495,7.621,1197.44,2.0737,1.7431,10.3716,1,0.6923,77.034,29.0172,,,,
2002-09-26,0.9796,120.22,1.9464,0.5739,30.322,7.4276,15.6466,0.6267,243.67,3.4521,0.5926,0.4125,4.0516,32384,9.158,227.95,42.056,1.4644,85.82,7.32,1624000,1.8021,1.5461,7.6406,1198.64,2.0941,1.7476,10.3032,1,0.6923,77.1396,29.0299,,,,
2002-09-27,0.9779,119.81,1.9462,0.5739,30.302,7.4275,15.6466,0.6277,243.11,3.4522,0.5922,0.4125,4.064,32317,9.087,228.215,41.964,1.4666,85.27,7.3255,1619000,1.7948,1.5409,7.6275,1195.87,2.0747,1.739,10.3026,1,0.6952,77.5125,29.1518,,,,
2002-09-28,0.9779,119.81,1.9462,0.5739,30.302,7.4275,15.6466,0.6277,243.11,3.4522,0.5922,0.4125,4.064,32317,9.087,228.215,41.964,1.4666,85.27,7.3255,1619000,1.7948,1.5409,7.6275,1195.87,2.0747,1.739,10.3026,1,0.6952,77.5125,29.1518,,,,
2002-09-29,0.9779,119.81,1.9462,0.5739,30.302,7.4275,15.6466,0.6277,243.11,3.4522,0.5922,0.4125,4.064,32317,9.087,228.215,41.964,1.4666,85.27,7.3255,1619000,1.7948,1.5409,7.6275,1195.87,2.0747,1.739,10.3026,1,0.6952,77.5125,29.1518,,,,
2002-09-30,0.986,119.67,1.9469,0.5733,30.285,7.4274,15.6466,0.6285,243.8,3.4522,0.5941,0.4131,4.0926,32578,9.1548,228.305,41.805,1.4611,85.48,7.317,1637000,1.8101,1.5566,7.6905,1204.89,2.0936,1.7542,10.4053,1,0.7002,78.0619,29.3584,,,,
2002-10-01,0.9861,120.67,1.9462,0.5732,30.385,7.4274,15.6466,0.6287,243.27,3.4523,0.5951,0.4128,4.0811,32619,9.0415,227.9173,41.69,1.4574,85.04,7.3135,1641000,1.8185,1.5639,7.691,1210.63,2.0996,1.7614,10.2674,1,0.6969,77.6944,29.2104,,,,
2002-10-02,0.9835,120.94,1.9464,0.573,30.363,7.4275,15.6466,0.6284,243.6,3.4524,0.5945,0.4127,4.0764,32555,9.072,228.435,42.065,1.4604,84.89,7.305,1615000,1.8067,1.5556,7.6709,1205.18,2.0732,1.7556,10.2549,1,0.6996,78.0106,29.3391,,,,
2002-10-03,0.989,121.47,1.9468,0.5731,30.363,7.4291,15.6466,0.6284,243.58,3.4531,0.5961,0.4132,4.0988,32712,9.0853,228.4354,42.063,1.4597,85.13,7.3065,1621000,1.8179,1.5733,7.714,1211.92,2.0788,1.7654,10.325,1,,,,,,,
2002-10-04,0.9865,121.11,1.947,0.5731,30.333,7.4285,15.6466,0.6252,244.05,3.4531,0.5947,0.413,4.0935,32585,9.076,228.525,41.996,1.4618,85.32,7.291,1613000,1.8024,1.5665,7.6944,1211.32,2.0653,1.7563,10.226,1,0.6943,77.5606,29.1049,,,,
2002-10-05,0.9865,121.11,1.947,0.5731,30.333,7.4285,15.6466,0.6252,244.05,3.4531,0.5947,0.413,4.0935,32585,9.076,228.525,41.996,1.4618,85.32,7.291,1613000,1.8024,1.5665,7.6944,1211.32,2.0653,1.7563,10.226,1,0.6943,77.5606,29.1049,,,,
2002-10-06,0.9865,121.11,1.947,0.5731,30.333,7.4285,15.6466,0.6252,244.05,3.4531,0.5947,0.413,4.0935,32585,9.076,228.525,41.996,1.4618,85.32,7.291,1613000,1.8024,1.5665,7.6944,1211.32,2.0653,1.7563,10.226,1,0.6943,77.5606,29.1049,,,,
2002-10-07,0.9808,121.84,1.9462,0.5728,30.287,7.4273,15.6466,0.6273,244.53,3.453,0.593,0.4124,4.091,32378,9.0947,228.52,41.926,1.4621,85.36,7.286,1612000,1.7832,1.5608,7.65,1211.97,2.0268,1.7578,10.3009,1,0.6977,78.082,29.2365,,,,
2002-10-08,0.98,121.73,1.9461,0.5728,30.338,7.4275,15.6466,0.6305,245.02,3.4533,0.5944,0.4124,4.0636,32358,9.1757,228.4512,41.945,1.4671,85.66,7.2723,1614000,1.7878,1.559,7.6436,1217.16,2.0321,1.7532,10.2855,1,0.6945,77.6189,29.09,,,,
2002-10-09,0.9814,121.89,1.9461,0.5728,30.65,7.4275,15.6466,0.6327,245.95,3.4533,0.5958,0.4131,4.1218,32462,9.1787,228.59,42.14,1.4666,85.78,7.5119,1619000,1.7925,1.5668,7.6546,1218.41,2.0461,1.7555,10.3418,1,0.7021,78.3269,29.4307,,,,
2002-10-10,0.9875,122.08,1.946,0.5728,30.617,7.4285,15.6466,0.6296,245.09,3.4528,0.5976,0.4134,4.1624,32703,9.1412,228.575,42.055,1.4626,86.39,7.2788,1627000,1.7998,1.5719,7.7023,1237.14,2.0571,1.7713,10.262,1,0.6999,78.0696,29.3144,,,,
2002-10-11,0.9857,122.53,1.9461,0.5728,30.73,7.4293,15.6466,0.6318,244.93,3.4524,0.5973,0.4133,4.1624,32710,9.1165,228.66,41.94,1.4636,86.11,7.2911,1621000,1.7981,1.5648,7.6884,1237.35,2.0515,1.769,10.2654,1,0.7005,78.1862,29.1472,,,,
2002-10-12,0.9857,122.53,1.9461,0.5728,30.73,7.4293,15.6466,0.6318,244.93,3.4524,0.5973,0.4133,4.1624,32710,9.1165,228.66,41.94,1.4636,86.11,7.2911,1621000,1.7981,1.5648,7.6884,1237.35,2.0515,1.769,10.2654,1,0.7005,78.1862,29.1472,,,,
2002-10-13,0.9857,122.53,1.9461,0.5728,30.73,7.4293,15.6466,0.6318,244.93,3.4524,0.5973,0.4133,4.1624,32710,9.1165,228.66,41.94,1.4636,86.11,7.2911,1621000,1.7981,1.5648,7.6884,1237.35,2.0515,1.769,10.2654,1,0.7005,78.1862,29.1472,,,,
2002-10-14,0.9873,122.57,1.9461,0.5728,30.743,7.429,15.6466,0.6334,245.2,3.4524,0.5983,0.4134,4.1624,32710,9.0835,228.655,41.995,1.4622,86.16,7.2805,1630000,1.8063,1.5648,7.7007,1238.07,2.0616,1.7783,10.3021,1,0.7005,78.3758,29.3465,,,,
2002-10-15,0.981,122.56,1.946,0.5728,30.775,7.4292,15.6466,0.632,245.27,3.4522,0.5959,0.413,4.0616,32590,9.079,228.655,41.993,1.4672,86.14,7.305,1618000,1.7948,1.5531,7.6514,1231.16,2.0465,1.773,10.2388,1,0.6966,77.8488,29.1762,,,,
2002-10-16,0.9823,121.86,1.9462,0.5727,30.96,7.4288,15.6466,0.6308,245.34,3.4525,0.5957,0.4132,4.0748,32613,9.0827,228.745,42.045,1.4681,86.53,7.354,1617000,1.7947,1.559,7.6612,1219.92,2.0485,1.7584,10.2163,1,0.6963,77.829,29.1688,,,,
2002-10-17,0.9763,121.34,1.9463,0.5723,30.815,7.4311,15.6466,0.6259,245.4,3.4526,0.5932,0.4123,4.0464,32442,9.1107,228.775,41.974,1.4669,86.46,7.429,1614000,1.774,1.539,7.6146,1205.73,2.0274,1.7373,10.021,1,0.689,76.9964,28.8664,,,,
2002-10-18,0.9735,121.83,1.9465,0.5723,30.583,7.4298,15.6466,0.6282,244.91,3.4525,0.5939,0.4124,4.0532,32415,9.0842,228.82,41.79,1.4682,86.59,7.409,1612000,1.7665,1.5304,7.5924,1206.17,2.0218,1.7426,10.0502,1,0.6898,77.2007,28.9162,,,,
2002-10-19,0.9735,121.83,1.9465,0.5723,30.583,7.4298,15.6466,0.6282,244.91,3.4525,0.5939,0.4124,4.0532,32415,9.0842,228.82,41.79,1.4682,86.59,7.409,1612000,1.7665,1.5304,7.5924,1206.17,2.0218,1.7426,10.0502,1,0.6898,77.2007,28.9162,,,,
2002-10-20,0.9735,121.83,1.9465,0.5723,30.583,7.4298,15.6466,0.6282,244.91,3.4525,0.5939,0.4124,4.0532,32415,9.0842,228.82,41.79,1.4682,86.59,7.409,1612000,1.7665,1.5304,7.5924,1206.17,2.0218,1.7426,10.0502,1,0.6898,77.2007,28.9162,,,,
2002-10-21,0.9748,121.53,1.9465,0.5723,30.55,7.4291,15.6466,0.6306,242.48,3.4525,0.5942,0.4127,4.0259,32422,9.0765,228.905,41.525,1.4693,85.98,7.4032,1625000,1.7616,1.53,7.6024,1203.88,2.0198,1.7359,9.9351,1,0.6906,77.142,28.9489,,,,
2002-10-22,0.9768,122.32,1.9463,0.5723,30.577,7.4315,15.6466,0.6321,242.25,3.4525,0.5959,0.413,4.0226,32593,9.149,228.8993,41.438,1.4693,86.45,7.4125,1618000,1.7643,1.527,7.6181,1208.59,2.0205,1.7445,9.9501,1,0.6937,77.5237,29.0739,,,,
2002-10-23,0.9775,121.17,1.9463,0.5723,30.807,7.4319,15.6466,0.6298,241.83,3.4524,0.5955,0.4129,4.015,32555,9.1245,228.895,41.531,1.4662,86.69,7.7072,1628000,1.7668,1.5331,7.6235,1199.29,2.015,1.737,9.9531,1,0.693,77.5341,29.0314,,,,
2002-10-24,0.9738,121.08,1.9464,0.5723,30.872,7.4308,15.6466,0.6288,241.94,3.4523,0.5937,0.4125,3.9752,32523,9.1388,228.9,41.551,1.4675,86.49,7.3818,1630000,1.7543,1.5221,7.5947,1194.76,2.0002,1.7339,9.8602,1,0.6939,77.6492,29.0745,,,,
2002-10-25,0.9763,121.21,1.9464,0.5723,30.925,7.4315,15.6466,0.6286,241.12,3.4523,0.5945,0.4125,3.956,32610,9.1066,228.975,41.484,1.4663,86.79,7.3529,1637000,1.7572,1.5277,7.614,1197.53,2.0055,1.7336,9.8753,1,0.6925,77.6488,29.0098,,,,
2002-10-26,0.9763,121.21,1.9464,0.5723,30.925,7.4315,15.6466,0.6286,241.12,3.4523,0.5945,0.4125,3.956,32610,9.1066,228.975,41.484,1.4663,86.79,7.3529,1637000,1.7572,1.5277,7.614,1197.53,2.0055,1.7336,9.8753,1,0.6925,77.6488,29.0098,,,,
2002-10-27,0.9763,121.21,1.9464,0.5723,30.925,7.4315,15.6466,0.6286,241.12,3.4523,0.5945,0.4125,3.956,32610,9.1066,228.975,41.484,1.4663,86.79,7.3529,1637000,1.7572,1.5277,7.614,1197.53,2.0055,1.7336,9.8753,1,0.6925,77.6488,29.0098,,,,
2002-10-28,0.9745,121.53,1.9465,0.5723,30.918,7.4316,15.6466,0.6307,241.41,3.4523,0.5941,0.4132,3.9896,32553,9.0967,228.975,41.534,1.468,86.29,7.385,1637000,1.7501,1.5237,7.6001,1197.17,1.9961,1.7362,9.8774,1,0.6988,78.2877,29.2668,,,,
2002-10-29,0.982,121.21,1.9461,0.5719,30.918,7.4321,15.6466,0.6311,241.48,3.4523,0.5956,0.413,3.9837,32907,9.0837,229.2013,41.605,1.4657,86.71,7.394,1645000,1.7579,1.5329,7.6588,1200.4,2.0125,1.7387,9.9213,1,0.6976,78.2627,29.1814,,,,
2002-10-30,0.9825,120.65,1.9461,0.5716,30.903,7.4323,15.6466,0.6321,241.28,3.4526,0.5955,0.4132,3.9824,32865,9.061,229.2191,41.569,1.4649,86.34,7.373,1649000,1.7741,1.5365,7.663,1205.33,2.031,1.738,9.9303,1,0.698,78.3351,29.2287,,,,
2002-10-31,0.9864,121.04,1.9466,0.5713,30.778,7.4319,15.6466,0.6325,241.33,3.4528,0.597,0.4135,3.9911,33070,9.0607,229.125,41.474,1.4633,86.49,7.3588,1648000,1.7813,1.5449,7.6932,1205.08,2.0405,1.7435,9.8615,1,0.7028,78.7408,29.4263,,,,
2002-11-01,0.9974,121.58,1.9475,0.5713,30.847,7.4321,15.6466,0.6366,241.4,3.4529,0.601,0.4145,3.9959,33352,9.0843,229.125,41.464,1.4606,86.48,7.3555,1683000,1.7915,1.5531,7.7793,1221.82,2.0365,1.7592,9.956,1,0.707,79.0644,29.5931,,,,
2002-11-02,0.9974,121.58,1.9475,0.5713,30.847,7.4321,15.6466,0.6366,241.4,3.4529,0.601,0.4145,3.9959,33352,9.0843,229.125,41.464,1.4606,86.48,7.3555,1683000,1.7915,1.5531,7.7793,1221.82,2.0365,1.7592,9.956,1,0.707,79.0644,29.5931,,,,
2002-11-03,0.9974,121.58,1.9475,0.5713,30.847,7.4321,15.6466,0.6366,241.4,3.4529,0.601,0.4145,3.9959,33352,9.0843,229.125,41.464,1.4606,86.48,7.3555,1683000,1.7915,1.5531,7.7793,1221.82,2.0365,1.7592,9.956,1,0.707,79.0644,29.5931,,,,
2002-11-04,0.9944,121.85,1.9476,0.5713,30.717,7.4323,15.6466,0.6403,241.1,3.4531,0.6005,0.4146,3.9798,33382,9.1155,229.18,41.26,1.4633,86.54,7.7197,1664000,1.7726,1.5483,7.7557,1212.17,2.0095,1.7543,9.8798,1,0.708,79.0337,29.6376,,,,
2002-11-05,1.0024,121.95,1.9492,0.5713,30.948,7.4326,15.6466,0.6395,241.14,3.4533,0.6032,0.4152,3.968,33642,9.1319,229.165,41.304,1.4613,87.14,7.3655,1645000,1.7815,1.5601,7.8177,1219.92,2.0151,1.76,9.9015,1,0.7096,79.2461,29.6786,,,,
2002-11-06,0.9955,121.84,1.9482,0.571,30.792,7.4317,15.6466,0.642,239.65,3.4533,0.6007,0.4147,3.9723,33387,9.1325,229.3125,41.276,1.4633,86.77,7.3971,1636000,1.7756,1.5507,7.7643,1219.49,2.0099,1.7541,9.8747,1,0.712,79.6277,29.7839,,,,
2002-11-07,1.0013,121.98,1.948,0.5714,30.918,7.4297,15.6466,0.638,239.15,3.4535,0.6017,0.4149,3.9683,33617,9.132,229.275,41.288,1.4641,87.17,8.0559,1634000,1.7758,1.5536,7.8093,1211.27,2.0121,1.7697,9.842,1,0.7161,80.0919,29.9071,,,,
2002-11-08,1.0107,121.95,1.9477,0.5718,30.961,7.4292,15.6466,0.6367,239.03,3.4533,0.604,0.4151,3.9598,33912,9.088,229.265,41.266,1.4633,86.93,7.3141,1635000,1.7861,1.5752,7.8827,1212.84,2.0299,1.7808,9.9024,1,0.7189,80.4014,29.9923,,,,
2002-11-09,1.0107,121.95,1.9477,0.5718,30.961,7.4292,15.6466,0.6367,239.03,3.4533,0.604,0.4151,3.9598,33912,9.088,229.265,41.266,1.4633,86.93,7.3141,1635000,1.7861,1.5752,7.8827,1212.84,2.0299,1.7808,9.9024,1,0.7189,80.4014,29.9923,,,,
2002-11-10,1.0107,121.95,1.9477,0.5718,30.961,7.4292,15.6466,0.6367,239.03,3.4533,0.604,0.4151,3.9598,33912,9.088,229.265,41.266,1.4633,86.93,7.3141,1635000,1.7861,1.5752,7.8827,1212.84,2.0299,1.7808,9.9024,1,0.7189,80.4014,29.9923,,,,
2002-11-11,1.0126,120.9,1.9475,0.5719,30.7,7.4284,15.6466,0.6364,238.21,3.4537,0.6039,0.4151,3.9604,33916,9.0835,229.325,41.12,1.4632,86.62,7.2875,1637000,1.8075,1.5905,7.8976,1215.83,2.05,1.7822,9.9329,1,0.7171,80.2922,29.8936,,,,
2002-11-12,1.0081,120.61,1.9472,0.572,30.686,7.4277,15.6466,0.6365,238.52,3.4534,0.6024,0.4147,3.9615,33866,9.0619,229.27,41.53,1.4616,86.1,7.304,1651000,1.7952,1.5844,7.8628,1215.77,2.041,1.7791,9.916,1,0.7186,80.4631,29.9572,,,,
2002-11-13,1.0068,120.8,1.9475,0.572,30.722,7.4262,15.6466,0.6354,238.5,3.4534,0.6022,0.4145,3.9814,33840,9.0575,229.375,41.745,1.4632,85.96,7.338,1647000,1.7983,1.5899,7.8525,1209.97,2.0341,1.7771,9.879,1,0.7157,80.1254,29.8214,,,,
2002-11-14,1.0095,120.85,1.9479,0.5721,30.698,7.4265,15.6466,0.6355,237.86,3.4531,0.603,0.4148,3.9616,33855,9.0945,229.365,41.664,1.4651,86.04,7.313,1635000,1.7935,1.5911,7.874,1215.64,2.0205,1.7743,9.735,1,0.7125,79.7877,29.6455,,,,
2002-11-15,1.0029,121.05,1.9471,0.5721,30.572,7.4263,15.6466,0.6388,237.3,3.4525,0.601,0.4146,3.9589,33639,9.0556,229.39,41.684,1.4664,85.9,7.3178,1607000,1.7805,1.5869,7.8222,1204.28,2.0072,1.7685,9.7019,1,0.7165,80.1983,29.8295,,,,
2002-11-16,1.0029,121.05,1.9471,0.5721,30.572,7.4263,15.6466,0.6388,237.3,3.4525,0.601,0.4146,3.9589,33639,9.0556,229.39,41.684,1.4664,85.9,7.3178,1607000,1.7805,1.5869,7.8222,1204.28,2.0072,1.7685,9.7019,1,0.7165,80.1983,29.8295,,,,
2002-11-17,1.0029,121.05,1.9471,0.5721,30.572,7.4263,15.6466,0.6388,237.3,3.4525,0.601,0.4146,3.9589,33639,9.0556,229.39,41.684,1.4664,85.9,7.3178,1607000,1.7805,1.5869,7.8222,1204.28,2.0072,1.7685,9.7019,1,0.7165,80.1983,29.8295,,,,
2002-11-18,1.0065,121.98,1.9483,0.5722,30.583,7.4263,15.6466,0.6381,237.03,3.4524,0.6028,0.4149,3.9297,33725,9.0611,229.09,41.619,1.4676,85.82,7.3065,1593000,1.7896,1.5934,7.8503,1209.61,2.0241,1.7753,9.6655,1,0.716,80.177,29.8204,,,,
2002-11-19,1.0125,122.75,1.9496,0.5722,30.546,7.4274,15.6466,0.6349,236.62,3.4524,0.6046,0.4151,3.9177,33885,9.0654,229.8515,41.466,1.4681,85.89,7.365,1603000,1.7988,1.6101,7.8968,1216.01,2.0325,1.7848,9.6875,1,0.7121,79.8604,29.6579,,,,
2002-11-20,1.0019,122.67,1.9505,0.5721,30.583,7.4263,15.6466,0.6366,237.67,3.4523,0.6018,0.4146,3.9569,33565,9.0651,229.575,41.414,1.4675,85.92,7.3245,1590000,1.7915,1.5866,7.8144,1211.3,2.0224,1.7738,9.6823,1,0.711,79.7291,29.6091,,,,
2002-11-21,1.0034,122.75,1.9527,0.5721,30.674,7.4261,15.6466,0.6338,237.53,3.4524,0.6021,0.4146,3.9543,33666,8.9602,230.15,41.419,1.4687,86.26,7.305,1586000,1.7845,1.5851,7.8258,1208.9,1.9932,1.7733,9.6033,1,0.7109,79.8054,29.6077,,,,
2002-11-22,1.0024,122.88,1.954,0.5723,30.665,7.4268,15.6466,0.6304,236.98,3.4525,0.6016,0.4142,3.9235,33647,9.3689,229.7227,41.575,1.4718,86.26,7.471,1584000,1.7788,1.5837,7.8176,1207.29,1.9915,1.773,9.4223,1,0.7072,79.3832,29.451,,,,
2002-11-23,1.0024,122.88,1.954,0.5723,30.665,7.4268,15.6466,0.6304,236.98,3.4525,0.6016,0.4142,3.9235,33647,9.3689,229.7227,41.575,1.4718,86.26,7.471,1584000,1.7788,1.5837,7.8176,1207.29,1.9915,1.773,9.4223,1,0.7072,79.3832,29.451,,,,
2002-11-24,1.0024,122.88,1.954,0.5723,30.665,7.4268,15.6466,0.6304,236.98,3.4525,0.6016,0.4142,3.9235,33647,9.3689,229.7227,41.575,1.4718,86.26,7.471,1584000,1.7788,1.5837,7.8176,1207.29,1.9915,1.773,9.4223,1,0.7072,79.3832,29.451,,,,
2002-11-25,0.9905,121.84,1.9531,0.5723,30.683,7.4265,15.6466,0.6333,236.98,3.4521,0.5975,0.4137,3.9448,33377,9.0175,229.625,41.626,1.4746,85.71,7.2931,1551000,1.7692,1.5597,7.7245,1205.93,1.9856,1.7568,9.1859,1,0.7041,79.1239,29.3379,,,,
2002-11-26,0.991,120.92,1.9528,0.5723,30.808,7.4263,15.6466,0.6398,236.05,3.4522,0.5972,0.416,3.9599,33266,9.0683,229.2525,41.676,1.4736,85.65,7.275,1543000,1.7698,1.5573,7.7283,1187.81,1.9886,1.7504,9.1541,1,0.7049,79.5415,29.3848,,,,
2002-11-27,0.9927,120.57,1.9529,0.5724,30.948,7.4263,15.6466,0.64,236.76,3.4523,0.5983,0.4148,3.9652,33265,9.0728,229.7227,41.824,1.4757,85.68,7.29,1551000,1.7829,1.5628,7.7416,1178.83,2.0123,1.7496,9.1548,1,0.7028,79.3926,29.3005,,,,
2002-11-28,0.9934,121.37,1.9528,0.573,30.892,7.4262,15.6466,0.6407,237.95,3.4524,0.5982,0.4147,3.9727,33330,9.0795,229.7635,42.139,1.4746,85.44,7.2815,1540000,1.7806,1.5634,7.7471,1199.83,2.0097,1.7503,9.2344,1,0.7053,79.6571,29.3981,,,,
2002-11-29,0.9927,121.56,1.9535,0.5731,30.857,7.4261,15.6466,0.6379,237.72,3.4518,0.5984,0.4147,3.9848,33300,9.005,229.9512,41.974,1.4754,85.43,7.2839,1523000,1.7755,1.5586,7.7417,1187.47,1.999,1.7527,9.2137,1,0.7059,79.4149,29.4263,,,,
2002-11-30,0.9927,121.56,1.9535,0.5731,30.857,7.4261,15.6466,0.6379,237.72,3.4518,0.5984,0.4147,3.9848,33300,9.005,229.9512,41.974,1.4754,85.43,7.2839,1523000,1.7755,1.5586,7.7417,1187.47,1.999,1.7527,9.2137,1,0.7059,79.4149,29.4263,,,,
2002-12-01,0.9927,121.56,1.9535,0.5731,30.857,7.4261,15.6466,0.6379,237.72,3.4518,0.5984,0.4147,3.9848,33300,9.005,229.9512,41.974,1.4754,85.43,7.2839,1523000,1.7755,1.5586,7.7417,1187.47,1.999,1.7527,9.2137,1,0.7059,79.4149,29.4263,,,,
2002-12-02,0.9871,123.14,1.953,0.5731,30.82,7.4261,15.6466,0.6396,236.85,3.4524,0.5976,0.4142,3.9833,33177,9.0065,229.8125,41.882,1.4774,84.95,7.296,1505000,1.7649,1.5364,7.6981,1184.52,1.9752,1.7484,9.1807,1,0.7077,79.4889,29.5016,,,,
2002-12-03,0.9967,124.08,1.9542,0.5729,30.93,7.4263,15.6466,0.6349,237.38,3.4524,0.6001,0.4145,3.9781,33465,9.037,229.8926,41.8,1.4721,85.2,7.2615,1530000,1.7827,1.5516,7.7728,1213.38,1.9974,1.7642,9.2333,1,0.707,79.4211,29.4466,,,,
2002-12-04,1.0018,124.75,1.955,0.573,31.135,7.4263,15.6466,0.6373,237.21,3.4524,0.6016,0.4146,3.9894,33675,9.0727,229.8615,41.854,1.4721,85.1,7.2764,1553000,1.7854,1.5607,7.8125,1218.64,2.0012,1.7735,9.1455,1,0.7102,79.7438,29.5637,,,,
2002-12-05,0.9991,125.18,1.9548,0.5731,30.893,7.4264,15.6466,0.6366,236.15,3.4525,0.6009,0.4145,0.8251,33713,9.0469,229.8812,41.653,1.4727,85.07,7.2834,1550000,1.7813,1.5578,7.7915,1219.4,1.993,1.7737,9.1097,1,0.71,79.7098,29.5622,,,,
2002-12-06,1.0006,125.02,1.9536,0.5731,31.015,7.4261,15.6466,0.6398,236.58,3.452,0.6009,0.4147,4.0028,33710,9.0461,229.885,41.684,1.4717,85.31,7.2911,1553000,1.7847,1.5591,7.8032,1221.23,1.9976,1.7752,9.2635,1,,,,,,,
2002-12-07,1.0006,125.02,1.9536,0.5731,31.015,7.4261,15.6466,0.6398,236.58,3.452,0.6009,0.4147,4.0028,33710,9.0461,229.885,41.684,1.4717,85.31,7.2911,1553000,1.7847,1.5591,7.8032,1221.23,1.9976,1.7752,9.2635,1,,,,,,,
2002-12-08,1.0006,125.02,1.9536,0.5731,31.015,7.4261,15.6466,0.6398,236.58,3.452,0.6009,0.4147,4.0028,33710,9.0461,229.885,41.684,1.4717,85.31,7.2911,1553000,1.7847,1.5591,7.8032,1221.23,1.9976,1.7752,9.2635,1,,,,,,,
2002-12-09,1.0093,123.65,1.9528,0.5731,31.08,7.4267,15.6466,0.6387,236.36,3.4523,0.6021,0.4153,3.9802,34013,9.0839,229.87,41.735,1.4737,85.22,7.3085,1582000,1.7927,1.5752,7.8712,1218.73,2.0052,1.781,9.188,1,0.7169,80.4744,29.8155,,,,
2002-12-10,1.0111,124.66,1.9518,0.5731,31.134,7.4273,15.6466,0.6414,236.51,3.4523,0.6008,0.4157,3.9836,34052,9.0704,229.885,41.728,1.4736,85.41,7.325,1568000,1.7946,1.5768,7.8854,1225.45,2.0008,1.784,9.0321,1,0.715,80.2713,29.7402,,,,
2002-12-11,1.0067,124.18,1.9492,0.5731,31.05,7.4264,15.6466,0.6396,236.06,3.4523,0.5999,0.4154,3.9667,34050,9.0837,230.0815,41.764,1.474,85.28,7.3531,1578000,1.7955,1.5693,7.8513,1221.03,2.004,1.7736,8.9163,1,0.7156,80.327,29.7609,,,,
2002-12-12,1.0156,124.55,1.9503,0.5728,31.183,7.4267,15.6466,0.6438,235.92,3.4522,0.6044,0.4161,3.9525,34313,9.1187,230.1213,41.721,1.4768,84.57,7.3518,1580000,1.7942,1.5775,7.921,1226.34,1.9965,1.7845,9.0746,1,0.7228,81.1275,30.0574,,,,
2002-12-13,1.0221,124.46,1.95,0.5729,31.233,7.4256,15.6466,0.6431,235.68,3.4523,0.6063,0.4165,3.9659,34520,9.1424,230.1873,41.726,1.4768,84.92,7.3073,1580000,1.805,1.5892,7.971,1231.12,1.9946,1.7865,8.9147,1,0.7266,81.7829,30.1964,,,,
2002-12-14,1.0221,124.46,1.95,0.5729,31.233,7.4256,15.6466,0.6431,235.68,3.4523,0.6063,0.4165,3.9659,34520,9.1424,230.1873,41.726,1.4768,84.92,7.3073,1580000,1.805,1.5892,7.971,1231.12,1.9946,1.7865,8.9147,1,0.7266,81.7829,30.1964,,,,
2002-12-15,1.0221,124.46,1.95,0.5729,31.233,7.4256,15.6466,0.6431,235.68,3.4523,0.6063,0.4165,3.9659,34520,9.1424,230.1873,41.726,1.4768,84.92,7.3073,1580000,1.805,1.5892,7.971,1231.12,1.9946,1.7865,8.9147,1,0.7266,81.7829,30.1964,,,,
2002-12-16,1.0212,123.64,1.9505,0.5728,31.257,7.426,15.6466,0.642,235.65,3.4525,0.6054,0.4162,3.971,34518,9.0804,230.1735,41.645,1.477,84.86,7.2834,1580000,1.807,1.5959,7.9639,1228.71,1.991,1.7873,8.9145,1,0.7257,81.6235,30.1434,,,,
2002-12-17,1.0307,124.4,1.9508,0.573,31.357,7.4273,15.6466,0.6423,235.13,3.4522,0.6091,0.4168,4.0019,34888,9.0952,230.0612,41.72,1.4732,85.02,7.287,1624000,1.814,1.6047,8.038,1227.05,1.9867,1.7989,9.3372,1,0.7296,82.0584,30.2423,,,,
2002-12-18,1.024,124.35,1.9498,0.573,31.225,7.4253,15.6466,0.6402,235.23,3.4523,0.6074,0.416,3.9947,34585,9.0785,230.095,41.766,1.4663,84.57,7.303,1634000,1.812,1.5882,7.9851,1230.34,1.987,1.7888,9.1694,1,0.7287,81.8844,30.229,,,,
2002-12-19,1.0273,123.87,1.9488,0.573,31.285,7.425,15.6466,0.6402,235.39,3.4522,0.6072,0.4161,3.9774,34430,9.115,229.9854,41.784,1.4635,85.18,7.288,1682000,1.8165,1.5965,8.0109,1234.3,1.9903,1.7918,9.1703,1,0.729,81.7622,30.2408,,,,
2002-12-20,1.0255,123.79,1.952,0.5729,31.267,7.4251,15.6466,0.6399,235.98,3.452,0.6061,0.416,3.9768,34300,9.1165,230.0615,41.835,1.4619,84.76,7.288,1681000,1.8145,1.5899,7.9966,1231.63,1.987,1.7897,9.1507,1,0.7288,81.7138,30.2099,,,,
2002-12-21,1.0255,123.79,1.952,0.5729,31.267,7.4251,15.6466,0.6399,235.98,3.452,0.6061,0.416,3.9768,34300,9.1165,230.0615,41.835,1.4619,84.76,7.288,1681000,1.8145,1.5899,7.9966,1231.63,1.987,1.7897,9.1507,1,0.7288,81.7138,30.2099,,,,
2002-12-22,1.0255,123.79,1.952,0.5729,31.267,7.4251,15.6466,0.6399,235.98,3.452,0.6061,0.416,3.9768,34300,9.1165,230.0615,41.835,1.4619,84.76,7.288,1681000,1.8145,1.5899,7.9966,1231.63,1.987,1.7897,9.1507,1,0.7288,81.7138,30.2099,,,,
2002-12-23,1.0282,123.35,1.9515,0.5726,31.36,7.4266,15.6466,0.6434,235.75,3.4516,0.6049,0.4167,3.9628,34400,9.115,230.0315,41.825,1.458,84.51,7.261,1700000,1.829,1.5962,8.0184,1235.49,1.9934,1.7886,9.0171,1,0.7282,81.6422,30.1835,,,,
2002-12-24,1.0296,123.78,1.9516,0.5725,31.253,7.4261,15.6466,0.6459,235.61,3.4521,0.6067,0.417,3.9735,34373,9.1335,230.035,41.79,1.4538,84.69,7.282,1731000,1.8262,1.5976,8.0295,1236.24,1.994,1.7922,9.1333,1,,,,,,,
2002-12-25,1.0296,123.78,1.9516,0.5725,31.253,7.4261,15.6466,0.6455,235.61,3.4521,0.6067,0.417,3.9735,34373,9.1335,230.035,41.79,1.4538,84.69,7.282,1731000,1.8262,1.5976,8.0295,1236.24,1.994,1.7922,9.13,1,,,,,,,
2002-12-26,1.0296,123.78,1.9516,0.5725,31.253,7.4261,15.6466,0.6472,235.61,3.4521,0.6067,0.417,3.9939,34373,9.122,230.035,41.79,1.4538,84.69,7.282,1731000,1.8262,1.5976,8.0295,1236.24,1.994,1.7922,9.1529,1,,,,,,,
2002-12-27,1.0376,124.45,1.9532,0.573,31.34,7.4267,15.6466,0.6507,235.73,3.4522,0.6098,0.4175,3.9769,34785,9.1699,230.13,41.8,1.4567,84.8,7.2835,1719000,1.8446,1.6274,8.092,1242.79,2.001,1.8049,9.0816,1,0.7407,83.0763,30.6518,,,,
2002-12-28,1.0376,124.45,1.9532,0.573,31.34,7.4267,15.6466,0.6507,235.73,3.4522,0.6098,0.4175,3.9769,34785,9.1699,230.13,41.8,1.4567,84.8,7.2835,1719000,1.8446,1.6274,8.092,1242.79,2.001,1.8049,9.0816,1,0.7407,83.0763,30.6518,,,,
2002-12-29,1.0376,124.45,1.9532,0.573,31.34,7.4267,15.6466,0.6507,235.73,3.4522,0.6098,0.4175,3.9769,34785,9.1699,230.13,41.8,1.4567,84.8,7.2835,1719000,1.8446,1.6274,8.092,1242.79,2.001,1.8049,9.0816,1,0.7407,83.0763,30.6518,,,,
2002-12-30,1.0422,124.27,1.9546,0.5733,31.489,7.4281,15.6466,0.653,235.95,3.4523,0.6123,0.4179,4.0136,34925,9.158,230.1208,41.688,1.4548,84.24,7.2805,1713000,1.8515,1.6381,8.128,1247.51,2.001,1.8093,9.0816,1,0.7446,81.1673,30.7775,,,,
2002-12-31,1.0487,124.39,1.9546,0.5732,31.577,7.4288,15.6466,0.6523,236.29,3.4525,0.614,0.4182,7.1436,35135,9.1675,230.1577,41.503,1.4524,84.74,7.278,1738000,1.8556,1.655,8.1781,1243.76,1.9975,1.8199,8.9894,1,,,,,,,
