date,USD,JPY,BGN,CYP,CZK,DKK,EEK,GBP,HUF,LTL,LVL,MTL,PLN,ROL,SEK,SIT,SKK,CHF,ISK,NOK,TRL,AUD,CAD,HKD,KRW,NZD,SGD,ZAR,EUR,BOB,COP,HRK,JOD,KES,LBP,MUR,AED,ANG,BAM,BBD,BND,BRL,BSD,BYR,CNY,EGP,FJD,IDR,ILS,INR,JMD,KWD,MXN,MYR,PHP,RUB,SAR,SVC,SZL,TND,TTD,UGX
2003-01-01,1.0487,124.39,1.9546,0.5732,31.577,7.4288,15.6466,0.6504,236.29,3.4525,0.614,0.4182,6.1638,35135,9.1327,230.1577,41.503,1.4524,84.74,7.278,1738000,1.8556,1.655,8.1781,1243.76,1.9975,1.8199,8.9666,1,,,,,,,,,,,,,,,,,,,,,,,,,,,,,,,,,
2003-01-02,1.0446,124.4,1.9538,0.5735,31.59,7.4272,15.6466,0.6494,235.78,3.4531,0.6134,0.4183,3.9738,35012,9.1189,230.325,41.412,1.4528,84.64,7.2565,1734000,1.8554,1.6422,8.1445,1246.21,1.9942,1.8188,8.8193,1,7.7677,2939.8401,7.4987,0.7349,80.2667,1554.59,30.113,,,,,,,,,,,,,,,,,,,,,,,,,,
2003-01-03,1.0392,124.56,1.9559,0.5736,31.32,7.4283,15.6466,0.6472,235.46,3.453,0.6114,0.4178,3.9846,34773,9.0915,230.305,41.27,1.4555,84.32,7.2345,1714000,1.844,1.6264,8.1047,1243.87,1.982,1.8132,8.7824,1,,,,0.7397,80.8642,,30.3339,,,,,,,,,,,,,,,,,,,,,,,,,,
2003-01-04,1.0392,124.56,1.9559,0.5736,31.32,7.4283,15.6466,0.6472,235.46,3.453,0.6114,0.4178,3.9846,34773,9.0915,230.305,41.27,1.4555,84.32,7.2345,1714000,1.844,1.6264,8.1047,1243.87,1.982,1.8132,8.7824,1,,,,0.7397,80.8642,,30.3339,,,,,,,,,,,,,,,,,,,,,,,,,,
2003-01-05,1.0392,124.56,1.9559,0.5736,31.32,7.4283,15.6466,0.6472,235.46,3.453,0.6114,0.4178,3.9846,34773,9.0915,230.305,41.27,1.4555,84.32,7.2345,1714000,1.844,1.6264,8.1047,1243.87,1.982,1.8132,8.7824,1,,,,0.7397,80.8642,,30.3339,,,,,,,,,,,,,,,,,,,,,,,,,,
2003-01-06,1.0488,124.4,1.9558,0.5731,31.323,7.4279,15.6466,0.6502,235.46,3.4532,0.6154,0.4143,3.997,35055,9.0654,230.305,41.27,1.4563,84.78,7.242,1742000,1.8281,1.6383,8.1797,1247.02,1.9735,1.821,8.8914,1,,,,0.7425,81.1745,,30.4398,,,,,,,,,,,,,,,,,,,,,,,,,,
2003-01-07,1.0425,124.82,1.9557,0.5737,31.31,7.4285,15.6466,0.649,235.31,3.4533,0.6134,0.4179,3.4242,35038,9.057,230.5252,41.23,1.4565,84.09,7.2225,1762000,1.816,1.6257,8.1307,1233.28,1.963,1.8155,8.9705,1,,,,0.7388,80.9976,,30.244,,,,,,,,,,,,,,,,,,,,,,,,,,
2003-01-08,1.0377,124.9,1.9559,0.5737,31.407,7.4291,15.6466,0.6509,235.3,3.4533,0.6126,0.4177,4.0135,34942,9.09,230.5165,41.346,1.4586,84.44,7.23,1735000,1.8132,1.6231,8.0936,1228.64,1.9617,1.8102,9.0055,1,,,,0.7449,82.0419,,30.4967,,,,,,,,,,,,,,,,,,,,,,,,,,
2003-01-09,1.0507,125.16,1.9558,0.5748,31.548,7.4297,15.6466,0.6523,235.11,3.4533,0.6168,0.4186,4.0227,35385,9.1209,230.5425,41.49,1.4597,84.92,7.2385,1762000,1.8172,1.6371,8.1946,1238.25,1.9685,1.8244,8.9635,1,,,,0.7444,81.7132,,30.4196,,,,,,,,,,,,,,,,,,,,,,,,,,
2003-01-10,1.0503,125.72,1.9558,0.5756,31.788,7.429,15.6466,0.6587,235.09,3.4519,0.6172,0.4187,4.0192,35477,9.1495,230.595,41.501,1.4602,84.62,7.241,1752000,1.8107,1.6285,8.1915,1238.09,1.9611,1.826,8.9772,1,,,,0.7506,81.9267,,30.6234,,,,,,,,,,,,,,,,,,,,,,,,,,
2003-01-11,1.0503,125.72,1.9558,0.5756,31.788,7.429,15.6466,0.6587,235.09,3.4519,0.6172,0.4187,4.0192,35477,9.1495,230.595,41.501,1.4602,84.62,7.241,1752000,1.8107,1.6285,8.1915,1238.09,1.9611,1.826,8.9772,1,,,,0.7506,81.9267,,30.6234,,,,,,,,,,,,,,,,,,,,,,,,,,
2003-01-12,1.0503,125.72,1.9558,0.5756,31.788,7.429,15.6466,0.6587,235.09,3.4519,0.6172,0.4187,4.0192,35477,9.1495,230.595,41.501,1.4602,84.62,7.241,1752000,1.8107,1.6285,8.1915,1238.09,1.9611,1.826,8.9772,1,,,,0.7506,81.9267,,30.6234,,,,,,,,,,,,,,,,,,,,,,,,,,
2003-01-13,1.0549,125.74,1.9559,0.576,31.855,7.4295,15.6466,0.6584,234.94,3.4531,0.619,0.4193,4.023,35542,9.1644,230.6135,41.495,1.4613,84.08,7.3205,1754000,1.8109,1.6248,8.2272,1240.56,1.9606,1.8333,9.0966,1,,,,0.7479,81.203,,30.4788,,,,,,,,,,,,,,,,,,,,,,,,,,
2003-01-14,1.0577,125.04,1.9547,0.5764,31.764,7.4295,15.6466,0.6582,234.94,3.453,0.619,0.4196,4.0046,35607,9.1592,230.6825,41.6,1.4623,84.09,7.329,1766000,1.8115,1.6301,8.2491,1238.57,1.961,1.833,9.3357,1,,,,0.749,81.1641,,30.1331,,,,,,,,,,,,,,,,,,,,,,,,,,
2003-01-15,1.0526,124.47,1.9552,0.5774,31.87,7.431,15.6466,0.6577,234.91,3.4523,0.616,0.4195,4.0118,35410,9.1654,230.5262,41.331,1.4636,84.24,7.289,1758000,1.8024,1.6234,8.2093,1237.23,1.962,1.825,9.2207,1,,,,0.7495,81.5876,,30.1003,,,,,,,,,,,,,,,,,,,,,,,,,,
2003-01-16,1.0564,124.74,1.9546,0.5781,31.493,7.4323,15.6466,0.6587,234.72,3.4527,0.6171,0.4195,4.0747,35670,9.1785,230.7225,41.225,1.4626,84.04,7.2675,1757000,1.8028,1.62,8.2388,1237.04,1.946,1.8303,9.3211,1,,,,0.7535,82.0318,,30.2642,,,,,,,,,,,,,,,,,,,,,,,,,,
2003-01-17,1.0652,125.34,1.9546,0.5785,31.425,7.4343,15.6466,0.6614,246.2,3.4504,0.6206,0.4198,4.0813,35708,9.1975,230.775,41.602,1.4598,84.13,7.2795,1775000,1.8012,1.6304,8.3073,1249.91,1.9317,1.8467,9.4443,1,,,,0.7571,82.6353,,30.3548,,,,,,,,,,,,,,,,,,,,,,,,,,
2003-01-18,1.0652,125.34,1.9546,0.5785,31.425,7.4343,15.6466,0.6614,246.2,3.4504,0.6206,0.4198,4.0813,35708,9.1975,230.775,41.602,1.4598,84.13,7.2795,1775000,1.8012,1.6304,8.3073,1249.91,1.9317,1.8467,9.4443,1,,,,0.7571,82.6353,,30.3548,,,,,,,,,,,,,,,,,,,,,,,,,,
2003-01-19,1.0652,125.34,1.9546,0.5785,31.425,7.4343,15.6466,0.6614,246.2,3.4504,0.6206,0.4198,4.0813,35708,9.1975,230.775,41.602,1.4598,84.13,7.2795,1775000,1.8012,1.6304,8.3073,1249.91,1.9317,1.8467,9.4443,1,,,,0.7571,82.6353,,30.3548,,,,,,,,,,,,,,,,,,,,,,,,,,
2003-01-20,1.0653,125.96,1.9552,0.5782,31.297,7.433,15.6466,0.6642,244.31,3.4557,0.6219,0.4205,4.0645,35725,9.1901,230.7715,41.732,1.4608,84.4,7.3215,1773000,1.8056,1.6367,8.3082,1250.98,1.9364,1.8454,9.4632,1,,,,0.7577,83.1283,,30.379,,,,,,,,,,,,,,,,,,,,,,,,,,
2003-01-21,1.0653,126.5,1.9547,0.5782,31.18,7.4333,15.6466,0.6644,246.74,3.453,0.621,0.4204,4.1687,35603,9.2452,230.8125,41.54,1.4614,84.63,7.4245,1770000,1.8134,1.6362,8.3084,1257.16,1.9463,1.8494,9.6439,1,,,,0.7613,83.7935,,30.524,,,,,,,,,,,,,,,,,,,,,,,,,,
2003-01-22,1.0718,126.51,1.9555,0.5783,31.587,7.4361,15.6466,0.6615,248.53,3.453,0.6227,0.4208,4.1685,35723,9.2499,230.81,42.023,1.4622,84.96,7.3975,1788000,1.8273,1.6408,8.3591,1261.29,1.969,1.856,9.6163,1,,,,0.7617,83.8326,,30.3773,,,,,,,,,,,,,,,,,,,,,,,,,,
2003-01-23,1.0757,126.88,1.9554,0.5786,31.458,7.4365,15.6466,0.6624,248.85,3.4525,0.6238,0.4209,4.1954,35882,9.2584,230.8525,42.502,1.4642,84.92,7.4735,1788000,1.819,1.6409,8.3894,1264.59,1.961,1.8616,9.3943,1,,,,0.7623,83.8989,,30.4014,,,,,,,,,,,,,,,,,,,,,,,,,,
2003-01-24,1.0784,127.49,1.9555,0.5788,31.335,7.4383,15.6466,0.6629,246.87,3.4524,0.6237,0.4206,4.1822,35910,9.2352,230.8465,42.155,1.4673,84.78,7.457,1793000,1.8235,1.6448,8.4105,1258.49,1.9655,1.8671,9.4437,1,,,,0.7685,84.4121,,30.7544,,,,,,,,,,,,,,,,,,,,,,,,,,
2003-01-25,1.0784,127.49,1.9555,0.5788,31.335,7.4383,15.6466,0.6629,246.87,3.4524,0.6237,0.4206,4.1822,35910,9.2352,230.8465,42.155,1.4673,84.78,7.457,1793000,1.8235,1.6448,8.4105,1258.49,1.9655,1.8671,9.4437,1,,,,0.7685,84.4121,,30.7544,,,,,,,,,,,,,,,,,,,,,,,,,,
2003-01-26,1.0784,127.49,1.9555,0.5788,31.335,7.4383,15.6466,0.6629,246.87,3.4524,0.6237,0.4206,4.1822,35910,9.2352,230.8465,42.155,1.4673,84.78,7.457,1793000,1.8235,1.6448,8.4105,1258.49,1.9655,1.8671,9.4437,1,,,,0.7685,84.4121,,30.7544,,,,,,,,,,,,,,,,,,,,,,,,,,
2003-01-27,1.087,128.44,1.9557,0.5788,31.388,7.437,15.6466,0.6624,245.21,3.4526,0.6267,0.4214,4.1687,36028,9.2278,230.9512,42.116,1.4676,85.08,7.479,1804000,1.8338,1.6504,8.4781,1272.55,1.978,1.8762,9.4706,1,,,,0.7699,84.5215,,30.597,,,,,,,,,,,,,,,,,,,,,,,,,,
2003-01-28,1.0808,128.47,1.9558,0.579,31.477,7.4372,15.6466,0.6612,244.22,3.4522,0.6244,0.4206,4.1247,35865,9.2395,230.9552,41.905,1.4683,84.82,7.4695,1798000,1.8367,1.6501,8.4297,1271.56,1.9795,1.8741,9.4843,1,,,,0.7683,84.1799,,30.478,,,,,,,,,,,,,,,,,,,,,,,,,,
2003-01-29,1.0868,128.28,1.9558,0.5792,31.357,7.4346,15.6466,0.6565,243.23,3.452,0.6262,0.4208,4.1036,35983,9.1993,230.935,41.745,1.4693,84.86,7.462,1802000,1.8395,1.6543,8.4768,1269.38,1.9775,1.8783,9.2884,1,,,,0.7695,84.3083,,30.4161,,,,,,,,,,,,,,,,,,,,,,,,,,
2003-01-30,1.0748,128.78,1.9553,0.5793,31.407,7.4344,15.6466,0.6537,243.5,3.4525,0.6218,0.4195,4.1184,35677,9.1863,231.08,41.806,1.4662,83.58,7.4375,1769000,1.8285,1.641,8.3831,1251.07,1.9655,1.8704,9.3033,1,,,,0.7677,84.1139,,30.5082,,,,,,,,,,,,,,,,,,,,,,,,,,
2003-01-31,1.0816,129.11,1.9557,0.5793,31.572,7.4368,15.6466,0.6535,243.98,3.453,0.6255,0.4201,4.1153,35848,9.2495,231.0725,41.741,1.4682,83.54,7.473,1781000,1.8397,1.6562,8.4363,1265.47,1.982,1.8766,9.1052,1,,,,0.7643,83.7714,,30.3743,,,,,,,,,,,,,,,,,,,,,,,,,,
2003-02-01,1.0816,129.11,1.9557,0.5793,31.572,7.4368,15.6466,0.6535,243.98,3.453,0.6255,0.4201,4.1153,35848,9.2495,231.0725,41.741,1.4682,83.54,7.473,1781000,1.8397,1.6562,8.4363,1265.47,1.982,1.8766,9.1052,1,,,,0.7643,83.7714,,30.3743,,,,,,,,,,,,,,,,,,,,,,,,,,
2003-02-02,1.0816,129.11,1.9557,0.5793,31.572,7.4368,15.6466,0.6535,243.98,3.453,0.6255,0.4201,4.1153,35848,9.2495,231.0725,41.741,1.4682,83.54,7.473,1781000,1.8397,1.6562,8.4363,1265.47,1.982,1.8766,9.1052,1,,,,0.7643,83.7714,,30.3743,,,,,,,,,,,,,,,,,,,,,,,,,,
2003-02-03,1.0729,129.78,1.9553,0.5793,31.56,7.4377,15.6466,0.6552,243.73,3.4521,0.6224,0.4197,6.2008,35613,9.2275,231.0655,41.894,1.4667,82.92,7.487,1758000,1.8405,1.6303,8.3685,1264.41,1.979,1.8699,9.1714,1,,,,0.7653,83.7495,,30.3073,,,,,,,,,,,,,,,,,,,,,,,,,,
2003-02-04,1.0822,130.39,1.9556,0.5796,31.613,7.4357,15.6466,0.6597,244.11,3.4527,0.6256,0.4203,4.1511,35847,9.2362,231.1415,41.754,1.4652,83.31,7.52,1776000,1.8361,1.6415,8.4407,1274.29,1.9736,1.8823,9.0412,1,,,,0.7728,84.5211,,30.2757,,,,,,,,,,,,,,,,,,,,,,,,,,
2003-02-05,1.091,129.43,1.9558,0.58,31.784,7.4357,15.6466,0.6567,245.25,3.455,0.6274,0.4211,4.135,35963,9.2418,231.1975,41.812,1.4666,82.63,7.54,1792000,1.8425,1.6523,8.5094,1281.11,1.9815,1.8959,9.067,1,,,,,83.1177,,29.5926,,,,,,,,,,,,,,,,,,,,,,,,,,
2003-02-06,1.0813,129.85,1.9555,0.5801,31.642,7.4333,15.6466,0.6615,245.44,3.4523,0.6241,0.4205,4.1638,35690,9.185,231.1213,41.756,1.4663,82.87,7.492,1767000,1.8312,1.648,8.4335,1272.15,1.9741,1.8823,9.0296,1,,,,0.7681,83.3641,,30.0977,,,,,,,,,,,,,,,,,,,,,,,,,,
2003-02-07,1.0789,130.19,1.9556,0.5802,31.728,7.431,15.6466,0.6631,246.67,3.452,0.6235,0.4209,4.182,35617,9.1565,231.1913,41.912,1.4667,82.46,7.499,1768000,1.8281,1.6434,8.415,1277.63,1.97,1.8826,9.0899,1,,,,0.7677,83.2058,,29.8633,,,,,,,,,,,,,,,,,,,,,,,,,,
2003-02-08,1.0789,130.19,1.9556,0.5802,31.728,7.431,15.6466,0.6631,246.67,3.452,0.6235,0.4209,4.182,35617,9.1565,231.1913,41.912,1.4667,82.46,7.499,1768000,1.8281,1.6434,8.415,1277.63,1.97,1.8826,9.0899,1,,,,0.7677,83.2058,,29.8633,,,,,,,,,,,,,,,,,,,,,,,,,,
2003-02-09,1.0789,130.19,1.9556,0.5802,31.728,7.431,15.6466,0.6631,246.67,3.452,0.6235,0.4209,4.182,35617,9.1565,231.1913,41.912,1.4667,82.46,7.499,1768000,1.8281,1.6434,8.415,1277.63,1.97,1.8826,9.0899,1,,,,0.7677,83.2058,,29.8633,,,,,,,,,,,,,,,,,,,,,,,,,,
2003-02-10,1.0808,129.83,1.9539,0.5802,31.775,7.4323,15.6466,0.6589,246.28,3.4522,0.6241,0.4208,4.1458,35513,9.1655,231.205,42.156,1.4668,83.48,7.4515,1781000,1.823,1.6458,8.4296,1288.85,1.958,1.8981,9.177,1,,,,0.7613,82.349,,29.6135,,,,,,,,,,,,,,,,,,,,,,,,,,
2003-02-11,1.0706,130,1.9521,0.5802,31.803,7.4322,15.6466,0.6629,245.04,3.4526,0.6213,0.4203,4.1452,35167,9.1644,231.33,42.041,1.4673,82.85,7.4595,1770000,1.818,1.6366,8.35,1290.13,1.9525,1.8813,9.008,1,,,,0.7613,82.4065,,29.6341,,,,,,,,,,,,,,,,,,,,,,,,,,
2003-02-12,1.0731,129.9,1.9527,0.5803,31.793,7.4335,15.6466,0.6626,244.95,3.4527,0.6222,0.4208,4.1309,34955,9.13,231.3152,42.075,1.4687,83.06,7.471,1774000,1.813,1.6403,8.3695,1286.92,1.945,1.8814,8.9627,1,,,,0.7594,82.1816,,29.561,,,,,,,,,,,,,,,,,,,,,,,,,,
2003-02-13,1.0758,130.47,1.9531,0.5803,31.507,7.4317,15.6466,0.6692,244.32,3.4509,0.623,0.421,4.1593,35237,9.1103,231.3252,42.023,1.4681,83.38,7.5265,1793000,1.8216,1.6411,8.3907,1294.08,1.9565,1.8888,9.0193,1,,,,0.7684,83.2209,,29.8881,,,,,,,,,,,,,,,,,,,,,,,,,,
2003-02-14,1.0793,129.78,1.9527,0.5803,31.387,7.4318,15.6466,0.6681,245.45,3.4546,0.6246,0.4215,4.1568,35217,9.1115,231.2224,41.972,1.469,83.58,7.5255,1795000,1.8186,1.6393,8.4179,1298.99,1.9549,1.8929,8.9698,1,,,,0.7657,82.8325,,29.7658,,,,,,,,,,,,,,,,,,,,,,,,,,
2003-02-15,1.0793,129.78,1.9527,0.5803,31.387,7.4318,15.6466,0.6681,245.45,3.4546,0.6246,0.4215,4.1568,35217,9.1115,231.2224,41.972,1.469,83.58,7.5255,1795000,1.8186,1.6393,8.4179,1298.99,1.9549,1.8929,8.9698,1,,,,0.7657,82.8325,,29.7658,,,,,,,,,,,,,,,,,,,,,,,,,,
2003-02-16,1.0793,129.78,1.9527,0.5803,31.387,7.4318,15.6466,0.6681,245.45,3.4546,0.6246,0.4215,4.1568,35217,9.1115,231.2224,41.972,1.469,83.58,7.5255,1795000,1.8186,1.6393,8.4179,1298.99,1.9549,1.8929,8.9698,1,,,,0.7657,82.8325,,29.7658,,,,,,,,,,,,,,,,,,,,,,,,,,
2003-02-17,1.0716,128.92,1.9523,0.5804,31.473,7.4316,15.6466,0.6704,245.55,3.4527,0.6218,0.4216,4.1575,35050,9.1045,231.3582,41.998,1.4706,83.94,7.5245,1755000,1.8178,1.6315,8.3578,1293.69,1.9505,1.881,8.9969,1,,,,0.7602,82.2299,,29.5171,,,,,,,,,,,,,,,,,,,,,,,,,,
2003-02-18,1.0714,127.11,1.9535,0.5804,31.523,7.4321,15.6466,0.6711,245.72,3.4514,0.6207,0.4217,4.1407,34950,9.128,231.425,42.045,1.4708,84.93,7.52,1737000,1.814,1.6325,8.3564,1285.84,1.9454,1.8741,8.991,1,,,,0.7584,81.9243,,29.3962,,,,,,,,,,,,,,,,,,,,,,,,,,
2003-02-19,1.0717,127.53,1.953,0.5805,31.588,7.4317,15.6466,0.6728,246.23,3.4525,0.6208,0.4218,4.1648,34910,9.1055,231.4455,42.025,1.4696,84.86,7.5265,1751000,1.808,1.6229,8.3587,1289.26,1.94,1.8779,8.9123,1,,,,0.7625,82.3297,,29.6108,,,,,,,,,,,,,,,,,,,,,,,,,,
2003-02-20,1.0763,128.04,1.9535,0.5806,31.612,7.4311,15.6466,0.6785,246.11,3.4539,0.6227,0.4222,4.2027,35150,9.1105,231.4314,42.167,1.4681,84.37,7.5025,1761000,1.8059,1.6212,8.3945,1280.15,1.9407,1.8798,8.7603,1,,,,0.7681,82.8266,,29.8067,,,,,,,,,,,,,,,,,,,,,,,,,,
2003-02-21,1.0838,127.81,1.9545,0.5807,31.73,7.4311,15.6466,0.682,246.46,3.4525,0.6227,0.423,4.1833,35555,9.1215,231.5251,42.162,1.4698,84.56,7.5435,1760000,1.8081,1.6316,8.4528,1291.78,1.9345,1.89,8.7071,1,,,,0.7645,82.3211,,29.6313,,,,,,,,,,,,,,,,,,,,,,,,,,
2003-02-22,1.0838,127.81,1.9545,0.5807,31.73,7.4311,15.6466,0.682,246.46,3.4525,0.6227,0.423,4.1833,35555,9.1215,231.5251,42.162,1.4698,84.56,7.5435,1760000,1.8081,1.6316,8.4528,1291.78,1.9345,1.89,8.7071,1,,,,0.7645,82.3211,,29.6313,,,,,,,,,,,,,,,,,,,,,,,,,,
2003-02-23,1.0838,127.81,1.9545,0.5807,31.73,7.4311,15.6466,0.682,246.46,3.4525,0.6227,0.423,4.1833,35555,9.1215,231.5251,42.162,1.4698,84.56,7.5435,1760000,1.8081,1.6316,8.4528,1291.78,1.9345,1.89,8.7071,1,,,,0.7645,82.3211,,29.6313,,,,,,,,,,,,,,,,,,,,,,,,,,
2003-02-24,1.0721,127.63,1.9542,0.5808,31.688,7.4292,15.6466,0.6803,245.31,3.4524,0.6219,0.4227,4.1928,35213,9.1236,231.525,42.273,1.464,84.19,7.5895,1756000,1.781,1.6054,8.3615,1275.8,1.9012,1.8645,8.7511,1,,,,0.7661,82.6664,,29.7297,,,,,,,,,,,,,,,,,,,,,,,,,,
2003-02-25,1.0774,126.21,1.9543,0.5808,31.578,7.4276,15.6466,0.6833,244.56,3.4539,0.6232,0.4233,4.1827,35430,9.1135,231.5525,42.141,1.4602,84.45,7.6225,1743000,1.7789,1.6059,8.4025,1270.04,1.9037,1.8681,8.7213,1,,,,0.7638,82.2607,,29.6038,,,,,,,,,,,,,,,,,,,,,,,,,,
2003-02-26,1.0753,126.37,1.9545,0.581,31.584,7.428,15.6466,0.6814,244.29,3.4525,0.6221,0.4231,4.1528,35508,9.0915,231.6325,41.871,1.4623,84.09,7.6675,1742000,1.7757,1.6081,8.386,1274.23,1.9084,1.8661,8.7234,1,,,,0.7651,82.5262,,29.687,,,,,,,,,,,,,,,,,,,,,,,,,,
2003-02-27,1.0822,126.48,1.9538,0.5811,31.65,7.4277,15.6466,0.6801,243.29,3.4532,0.6242,0.4236,4.1894,35757,9.1129,231.635,41.845,1.4619,84.17,7.7425,1747000,1.7802,1.612,8.4398,1280.78,1.9132,1.8744,8.6075,1,,,,0.7621,82.2838,,29.5406,,,,,,,,,,,,,,,,,,,,,,,,,,
2003-02-28,1.0782,127.62,1.9532,0.5811,31.802,7.4282,15.6466,0.6862,243.64,3.4534,0.6238,0.4234,4.2455,35717,9.1535,231.6825,41.815,1.4597,83.9,7.727,1721000,1.7816,1.6088,8.409,1286.29,1.9314,1.8741,8.7198,1,,,,0.7667,82.6736,,29.7518,,,,,,,,,,,,,,,,,,,,,,,,,,
2003-03-01,1.0782,127.62,1.9532,0.5811,31.802,7.4282,15.6466,0.6862,243.64,3.4534,0.6238,0.4234,4.2455,35717,9.1535,231.6825,41.815,1.4597,83.9,7.727,1721000,1.7816,1.6088,8.409,1286.29,1.9314,1.8741,8.7198,1,,,,0.7667,82.6736,,29.7518,,,,,,,,,,,,,,,,,,,,,,,,,,
2003-03-02,1.0782,127.62,1.9532,0.5811,31.802,7.4282,15.6466,0.6862,243.64,3.4534,0.6238,0.4234,4.2455,35717,9.1535,231.6825,41.815,1.4597,83.9,7.727,1721000,1.7816,1.6088,8.409,1286.29,1.9314,1.8741,8.7198,1,,,,0.7667,82.6736,,29.7518,,,,,,,,,,,,,,,,,,,,,,,,,,
2003-03-03,1.08,128.19,1.9533,0.5812,31.822,7.4288,15.6466,0.6896,244.45,3.4536,0.6242,0.4236,4.6745,35703,9.198,231.732,41.845,1.457,83.72,7.7605,1785000,1.7653,1.6028,8.4227,1280.88,1.93,1.8761,8.6492,1,,,,0.7729,83.2301,,29.9912,,,,,,,,,,,,,,,,,,,,,,,,,,
2003-03-04,1.0919,128.59,1.954,0.5812,31.898,7.4288,15.6466,0.691,245.31,3.4532,0.6284,0.4246,4.3054,35913,9.19,231.725,41.96,1.4581,84.07,7.769,1782000,1.7808,1.6209,8.5155,1299.36,1.9417,1.8949,8.7162,1,,,,0.7725,83.2387,,29.9202,,,,,,,,,,,,,,,,,,,,,,,,,,
2003-03-05,1.0966,128.61,1.9537,0.5815,31.845,7.4273,15.6466,0.6848,245.33,3.4532,0.6295,0.4245,4.2858,36047,9.183,231.7425,41.854,1.4582,84.45,7.7155,1757000,1.7778,1.6157,8.5524,1314.99,1.9455,1.9007,8.651,1,,,,0.7778,83.6949,,30.0907,,,,,,,,,,,,,,,,,,,,,,,,,,
2003-03-06,1.0963,128.7,1.9525,0.5815,31.832,7.4266,15.6466,0.6853,245.06,3.4532,0.629,0.424,4.276,35965,9.198,231.5655,41.785,1.4638,84.11,7.8475,1763000,1.784,1.6137,8.5499,1327.18,1.941,1.9032,8.8061,1,,,,0.7786,83.8688,,30.1236,,,,,,,,,,,,,,,,,,,,,,,,,,
2003-03-07,1.1039,128.91,1.9519,0.5816,31.852,7.4256,15.6466,0.6865,245.24,3.4529,0.6311,0.4247,4.3201,36087,9.2255,231.8525,41.805,1.4696,84.58,7.9495,1780000,1.7898,1.617,8.609,1345.43,1.9498,1.9136,8.7408,1,,,,0.781,84.0423,,30.1826,,,,,,,,,,,,,,,,,,,,,,,,,,
2003-03-08,1.1039,128.91,1.9519,0.5816,31.852,7.4256,15.6466,0.6865,245.24,3.4529,0.6311,0.4247,4.3201,36087,9.2255,231.8525,41.805,1.4696,84.58,7.9495,1780000,1.7898,1.617,8.609,1345.43,1.9498,1.9136,8.7408,1,,,,0.781,84.0423,,30.1826,,,,,,,,,,,,,,,,,,,,,,,,,,
2003-03-09,1.1039,128.91,1.9519,0.5816,31.852,7.4256,15.6466,0.6865,245.24,3.4529,0.6311,0.4247,4.3201,36087,9.2255,231.8525,41.805,1.4696,84.58,7.9495,1780000,1.7898,1.617,8.609,1345.43,1.9498,1.9136,8.7408,1,,,,0.781,84.0423,,30.1826,,,,,,,,,,,,,,,,,,,,,,,,,,
2003-03-10,1.1042,129.06,1.9507,0.5814,31.773,7.4261,15.6466,0.6896,245.4,3.4532,0.6315,0.4251,4.3799,36084,9.2447,231.8825,41.815,1.4651,84.79,7.9425,1777000,1.7948,1.6161,8.6114,1367.77,1.9642,1.9155,8.738,1,,,,0.7847,84.4393,,30.281,,,,,,,,,,,,,,,,,,,,,,,,,,
2003-03-11,1.108,129.25,1.9514,0.5822,31.762,7.427,15.6466,0.6866,245.45,3.4532,0.6341,0.4253,4.3696,36053,9.3015,231.885,41.882,1.4662,85.11,7.909,1803000,1.8143,1.6209,8.6411,1362.29,1.986,1.923,8.7397,1,,,,0.7836,84.2288,,30.204,,,,,,,,,,,,,,,,,,,,,,,,,,
2003-03-12,1.1028,129.06,1.9509,0.5824,31.653,7.4276,15.6466,0.6816,245.27,3.4532,0.6326,0.4243,4.3808,35878,9.2837,231.885,41.855,1.468,85.3,7.8519,1786000,1.8446,1.624,8.6006,1371.66,2.0056,1.9269,8.8289,1,,,,0.7802,83.8445,,29.9366,,,,,,,,,,,,,,,,,,,,,,,,,,
2003-03-13,1.0864,128.11,1.9503,0.583,31.585,7.4267,15.6466,0.6797,244.95,3.453,0.6278,0.4229,4.3027,35635,9.235,231.9425,41.815,1.4667,84.14,7.83,1775000,1.8346,1.6117,8.4728,1347.14,1.9884,1.902,8.8546,1,,,,0.7648,82.2438,,29.4806,,,,,,,,,,,,,,,,,,,,,,,,,,
2003-03-14,1.0775,126.99,1.9498,0.5833,31.628,7.4291,15.6466,0.6789,244.65,3.4522,0.6248,0.4227,4.3126,35427,9.202,231.912,41.695,1.4672,84.14,7.772,1775000,1.8075,1.6034,8.403,1337.55,1.965,1.8926,8.8132,1,,,,0.7624,82.1494,,29.2815,,,,,,,,,,,,,,,,,,,,,,,,,,
2003-03-15,1.0775,126.99,1.9498,0.5833,31.628,7.4291,15.6466,0.6789,244.65,3.4522,0.6248,0.4227,4.3126,35427,9.202,231.912,41.695,1.4672,84.14,7.772,1775000,1.8075,1.6034,8.403,1337.55,1.965,1.8926,8.8132,1,,,,0.7624,82.1494,,29.2815,,,,,,,,,,,,,,,,,,,,,,,,,,
2003-03-16,1.0775,126.99,1.9498,0.5833,31.628,7.4291,15.6466,0.6789,244.65,3.4522,0.6248,0.4227,4.3126,35427,9.202,231.912,41.695,1.4672,84.14,7.772,1775000,1.8075,1.6034,8.403,1337.55,1.965,1.8926,8.8132,1,,,,0.7624,82.1494,,29.2815,,,,,,,,,,,,,,,,,,,,,,,,,,
2003-03-17,1.0801,126.13,1.9488,0.5836,31.691,7.4282,15.6466,0.6782,244.85,3.4523,0.6254,0.4234,4.3324,35403,9.2077,231.925,41.735,1.4673,84.45,7.8065,1824000,1.8011,1.5878,8.4238,1346.34,1.9528,1.8975,8.7437,1,,,,0.7537,81.5315,,28.8415,,,,,,,,,,,,,,,,,,,,,,,,,,
2003-03-18,1.0586,126.2,1.9499,0.5836,31.565,7.4279,15.6466,0.6789,245.25,3.4524,0.6183,0.422,4.3239,35427,9.2217,231.985,41.758,1.4704,84.28,7.8845,1755000,1.7973,1.5708,8.2561,1327.27,1.9438,1.8737,8.6967,1,,,,0.7545,81.6546,,29.0295,,,,,,,,,,,,,,,,,,,,,,,,,,
2003-03-19,1.057,127.06,1.95,0.5838,31.57,7.4288,15.6466,0.6757,245.33,3.4547,0.6175,0.422,4.0226,35395,9.1835,231.9725,41.725,1.472,84.49,7.887,1796000,1.7863,1.5675,8.2437,1328.65,1.9212,1.8697,8.6411,1,,,,0.7495,81.2295,,28.6786,,,,,,,,,,,,,,,,,,,,,,,,,,
2003-03-20,1.0592,127.54,1.9508,0.5837,31.695,7.4283,15.6466,0.677,246.09,3.4523,0.6186,0.4219,4.3122,35600,9.1735,231.9048,41.945,1.473,84.72,7.866,1806000,1.788,1.5696,8.2607,1319.66,1.9152,1.8734,8.6182,1,,,,0.753,81.4736,,28.8647,,,,,,,,,,,,,,,,,,,,,,,,,,
2003-03-21,1.0572,128.22,1.952,0.5838,31.65,7.4281,15.6466,0.6719,246.42,3.4523,0.6183,0.4217,4.2948,35785,9.1705,231.7525,41.915,1.4755,85.04,7.865,1820000,1.7831,1.5654,8.2449,1319.07,1.919,1.8699,8.6163,1,,,,0.7469,80.6972,,28.5836,,,,,,,,,,,,,,,,,,,,,,,,,,
2003-03-22,1.0572,128.22,1.952,0.5838,31.65,7.4281,15.6466,0.6719,246.42,3.4523,0.6183,0.4217,4.2948,35785,9.1705,231.7525,41.915,1.4755,85.04,7.865,1820000,1.7831,1.5654,8.2449,1319.07,1.919,1.8699,8.6163,1,,,,0.7469,80.6972,,28.5836,,,,,,,,,,,,,,,,,,,,,,,,,,
2003-03-23,1.0572,128.22,1.952,0.5838,31.65,7.4281,15.6466,0.6719,246.42,3.4523,0.6183,0.4217,4.2948,35785,9.1705,231.7525,41.915,1.4755,85.04,7.865,1820000,1.7831,1.5654,8.2449,1319.07,1.919,1.8699,8.6163,1,,,,0.7469,80.6972,,28.5836,,,,,,,,,,,,,,,,,,,,,,,,,,
2003-03-24,1.0634,128.5,1.9522,0.5838,31.707,7.4282,15.6466,0.676,246.33,3.4523,0.6202,0.4219,4.3305,35978,9.2,231.3225,41.852,1.4732,84.55,7.8706,1875000,1.7928,1.5808,8.2933,1330.31,1.9296,1.8778,8.6602,1,,,,0.7548,81.5518,,28.8863,,,,,,,,,,,,,,,,,,,,,,,,,,
2003-03-25,1.0691,127.82,1.9506,0.5838,31.798,7.4265,15.6466,0.6768,246.16,3.4522,0.622,0.4225,4.3144,36000,9.253,231.6325,41.726,1.4726,83.7,7.821,1853000,1.7908,1.5769,8.338,1336.8,1.9312,1.8867,8.5537,1,,,,0.756,81.9979,,28.9844,,,,,,,,,,,,,,,,,,,,,,,,,,
2003-03-26,1.0667,128.28,1.9488,0.5839,31.812,7.4263,15.6466,0.679,246.26,3.4523,0.6216,0.4227,4.3335,35917,9.2295,231.6125,41.556,1.4764,83.99,7.842,1831000,1.783,1.5669,8.319,1327.4,1.941,1.8876,8.4685,1,,,,0.7589,82.1453,,29.0931,,,,,,,,,,,,,,,,,,,,,,,,,,
2003-03-27,1.0723,128.31,1.9496,0.584,31.823,7.4263,15.6466,0.6833,246.38,3.453,0.6234,0.4229,4.3429,35940,9.231,231.7715,41.433,1.4778,84.18,7.86,1846000,1.7852,1.5711,8.3631,1336.84,1.951,1.8961,8.5024,1,,,,,,,,,,,,,,,,,,,,,,,,,,,,,,,,,
2003-03-28,1.073,129.23,1.95,0.584,31.863,7.4266,15.6466,0.6852,246.98,3.4528,0.6242,0.4235,4.3943,35972,9.212,231.9525,41.388,1.4767,83.04,7.8885,1834000,1.7853,1.5736,8.3684,1350.91,1.9495,1.9011,8.5954,1,,,,0.7652,82.6917,,29.3325,,,,,,,,,,,,,,,,,,,,,,,,,,
2003-03-29,1.073,129.23,1.95,0.584,31.863,7.4266,15.6466,0.6852,246.98,3.4528,0.6242,0.4235,4.3943,35972,9.212,231.9525,41.388,1.4767,83.04,7.8885,1834000,1.7853,1.5736,8.3684,1350.91,1.9495,1.9011,8.5954,1,,,,0.7652,82.6917,,29.3325,,,,,,,,,,,,,,,,,,,,,,,,,,
2003-03-30,1.073,129.23,1.95,0.584,31.863,7.4266,15.6466,0.6852,246.98,3.4528,0.6242,0.4235,4.3943,35972,9.212,231.9525,41.388,1.4767,83.04,7.8885,1834000,1.7853,1.5736,8.3684,1350.91,1.9495,1.9011,8.5954,1,,,,0.7652,82.6917,,29.3325,,,,,,,,,,,,,,,,,,,,,,,,,,
2003-03-31,1.0895,128.86,1.9508,0.584,31.947,7.4264,15.6466,0.6898,246.35,3.4527,0.6292,0.4245,4.4727,36250,9.2431,231.9914,41.388,1.4746,83.58,7.9265,1864000,1.8076,1.6037,8.4975,1366.78,1.9721,1.9211,8.5848,1,,,,0.7752,83.4746,,29.6859,,,,,,,,,,,,,,,,,,,,,,,,,,
2003-04-01,1.0891,128.9,1.9497,0.584,31.967,7.4265,15.6466,0.6915,248.06,3.4525,0.6293,0.4246,4.4421,36210,9.2445,232.2,41.17,1.4783,84.07,7.858,1849000,1.8048,1.5995,8.4943,1368.51,1.9693,1.9288,8.5734,1,,,,0.7739,83.3878,,29.5049,,,,,,,,,,,,,,,,,,,,,,,,,,
2003-04-02,1.083,127.97,1.9505,0.5844,32.06,7.4261,15.6466,0.686,247.52,3.4525,0.6274,0.424,4.3716,36275,9.2393,232.2152,41.065,1.4854,83.73,7.8115,1836000,1.8023,1.6019,8.4465,1358.19,1.9685,1.9164,8.5429,1,,,,0.7639,82.2561,,29.1234,,,,,,,,,,,,,,,,,,,,,,,,,,
2003-04-03,1.0702,128.38,1.95,0.585,31.855,7.4261,15.6466,0.6842,246.21,3.4532,0.6231,0.4233,4.3653,36310,9.2004,232.0224,41.116,1.4823,83.28,7.7885,1800000,1.7936,1.5773,8.3468,1342.99,1.9585,1.901,8.4715,1,,,,0.7632,81.9684,,29.1514,,,,,,,,,,,,,,,,,,,,,,,,,,
2003-04-04,1.072,128.76,1.9497,0.5853,31.781,7.4265,15.6466,0.6878,245.43,3.4524,0.6239,0.4232,4.3921,36430,9.202,232.0255,41.234,1.4866,83.82,7.7755,1777000,1.7842,1.5824,8.3611,1348.58,1.9705,1.9044,8.4933,1,,,,0.7613,81.502,,29.0811,,,,,,,,,,,,,,,,,,,,,,,,,,
2003-04-05,1.072,128.76,1.9497,0.5853,31.781,7.4265,15.6466,0.6878,245.43,3.4524,0.6239,0.4232,4.3921,36430,9.202,232.0255,41.234,1.4866,83.82,7.7755,1777000,1.7842,1.5824,8.3611,1348.58,1.9705,1.9044,8.4933,1,,,,0.7613,81.502,,29.0811,,,,,,,,,,,,,,,,,,,,,,,,,,
2003-04-06,1.072,128.76,1.9497,0.5853,31.781,7.4265,15.6466,0.6878,245.43,3.4524,0.6239,0.4232,4.3921,36430,9.202,232.0255,41.234,1.4866,83.82,7.7755,1777000,1.7842,1.5824,8.3611,1348.58,1.9705,1.9044,8.4933,1,,,,0.7613,81.502,,29.0811,,,,,,,,,,,,,,,,,,,,,,,,,,
2003-04-07,1.0582,128.04,1.9489,0.5854,31.581,7.4265,15.6466,0.6874,244.84,3.4525,0.6198,0.4225,4.3453,36320,9.173,232.0655,41.149,1.4846,83.77,7.751,1748000,1.7812,1.5758,8.2534,1330.79,1.979,1.8873,8.5391,1,,,,0.7588,81.3355,,29.0156,,,,,,,,,,,,,,,,,,,,,,,,,,
2003-04-08,1.066,128.31,1.9483,0.5854,31.543,7.4263,15.6466,0.689,244.73,3.4529,0.622,0.4234,4.3206,36437,9.1415,232.1755,41.155,1.4855,83.7,7.771,1747000,1.7768,1.576,8.3141,1336.12,1.9606,1.8998,8.5583,1,,,,0.7596,81.4482,,29.0161,,,,,,,,,,,,,,,,,,,,,,,,,,
2003-04-09,1.0742,129.36,1.9471,0.5856,31.355,7.4264,15.6466,0.6885,244.35,3.4532,0.625,0.424,4.2766,36535,9.1485,232.1465,41.015,1.4866,83.55,7.7925,1772000,1.7807,1.5773,8.3782,1342.54,1.9667,1.9145,8.4776,1,,,,0.7643,81.7671,,29.1949,,,,,,,,,,,,,,,,,,,,,,,,,,
2003-04-10,1.0805,128.91,1.9464,0.586,31.44,7.4265,15.6466,0.6855,244.2,3.4532,0.6272,0.4243,4.303,36650,9.1522,232.2255,41.062,1.4961,83.92,7.893,1786000,1.7837,1.5813,8.4272,1328.74,1.9739,1.9188,8.3807,1,,,,0.7655,81.7267,,29.2706,,,,,,,,,,,,,,,,,,,,,,,,,,
2003-04-11,1.0735,129.5,1.9462,0.5867,31.492,7.4262,15.6466,0.6849,244.46,3.4525,0.6248,0.4233,4.237,36585,9.129,232.2565,41.095,1.496,83.24,7.8635,1768000,1.7765,1.5619,8.3726,1319.92,1.9712,1.9101,8.3653,1,,,,0.7631,81.4192,,29.2012,,,,,,,,,,,,,,,,,,,,,,,,,,
2003-04-12,1.0735,129.5,1.9462,0.5867,31.492,7.4262,15.6466,0.6849,244.46,3.4525,0.6248,0.4233,4.237,36585,9.129,232.2565,41.095,1.496,83.24,7.8635,1768000,1.7765,1.5619,8.3726,1319.92,1.9712,1.9101,8.3653,1,,,,0.7631,81.4192,,29.2012,,,,,,,,,,,,,,,,,,,,,,,,,,
2003-04-13,1.0735,129.5,1.9462,0.5867,31.492,7.4262,15.6466,0.6849,244.46,3.4525,0.6248,0.4233,4.237,36585,9.129,232.2565,41.095,1.496,83.24,7.8635,1768000,1.7765,1.5619,8.3726,1319.92,1.9712,1.9101,8.3653,1,,,,0.7631,81.4192,,29.2012,,,,,,,,,,,,,,,,,,,,,,,,,,
2003-04-14,1.0737,129.65,1.9461,0.5867,31.568,7.4261,15.6466,0.6857,245.52,3.4532,0.6249,0.4231,4.251,36630,9.1212,232.3652,41.055,1.4968,83.28,7.8645,1751000,1.7826,1.5657,8.3742,1314.21,1.9705,1.9124,8.4201,1,,,,0.7643,81.5909,,28.9781,,,,,,,,,,,,,,,,,,,,,,,,,,
2003-04-15,1.0784,129.89,1.9461,0.5867,31.525,7.425,15.6466,0.688,245.12,3.4528,0.6264,0.4237,4.2421,36560,9.153,232.3754,40.936,1.5028,83.06,7.8495,1743000,1.7831,1.5696,8.4108,1312.9,1.9706,1.9199,8.2657,1,,,,0.7661,81.7409,,29.241,,,,,,,,,,,,,,,,,,,,,,,,,,
2003-04-16,1.0836,130.43,1.9467,0.5867,31.583,7.425,15.6466,0.6897,245.65,3.4532,0.628,0.4241,4.2686,36670,9.1515,232.4355,40.992,1.4965,82.98,7.8505,1748000,1.7724,1.5681,8.4516,1314.41,1.9445,1.9254,8.3619,1,,,,0.7743,82.3462,,29.5879,,,,,,,,,,,,,,,,,,,,,,,,,,
2003-04-17,1.092,130.18,1.9469,0.5868,31.581,7.4254,15.6466,0.6918,245.37,3.4534,0.6313,0.4248,4.2529,36843,9.1531,232.4165,40.965,1.5019,82.86,7.8345,1756000,1.7789,1.5881,8.5172,1317.39,1.9671,1.9309,8.3007,1,,,,0.7716,81.7294,,29.1464,,,,,,,,,,,,,,,,,,,,,,,,,,
2003-04-18,1.092,130.39,1.9469,0.5868,31.581,7.4254,15.6466,0.692,245.37,3.4533,0.6313,0.4248,4.258,36843,9.1445,232.4165,40.965,1.505,82.86,7.8345,1756000,1.7789,1.5881,8.5172,1317.39,1.9671,1.9309,8.269,1,,,,,,,,,,,,,,,,,,,,,,,,,,,,,,,,,
2003-04-19,1.092,130.39,1.9469,0.5868,31.581,7.4254,15.6466,0.692,245.37,3.4533,0.6313,0.4248,4.258,36843,9.1445,232.4165,40.965,1.505,82.86,7.8345,1756000,1.7789,1.5881,8.5172,1317.39,1.9671,1.9309,8.269,1,,,,,,,,,,,,,,,,,,,,,,,,,,,,,,,,,
2003-04-20,1.092,130.39,1.9469,0.5868,31.581,7.4254,15.6466,0.692,245.37,3.4533,0.6313,0.4248,4.258,36843,9.1445,232.4165,40.965,1.505,82.86,7.8345,1756000,1.7789,1.5881,8.5172,1317.39,1.9671,1.9309,8.269,1,,,,,,,,,,,,,,,,,,,,,,,,,,,,,,,,,
2003-04-21,1.092,130.9,1.9462,0.5868,31.581,7.4254,15.6466,0.6953,245.37,3.4527,0.6313,0.4248,4.2366,36843,9.1363,232.4165,40.965,1.5078,82.86,7.8285,1756000,1.7789,1.5881,8.5172,1317.39,1.9671,1.9309,8.2998,1,8.2697,3173.53,7.5153,0.7713,81.6918,1642.53,29.4373,,,,,,,,,,,,,,,,,,,,,,,,,,
2003-04-22,1.0971,131.45,1.9467,0.588,31.681,7.4255,15.6466,0.6952,246.24,3.4528,0.6342,0.4255,4.2651,36737,9.134,232.4776,41.006,1.5037,83.17,7.844,1756000,1.7659,1.5904,8.557,1341.75,1.9565,1.9459,8.2814,1,,,,0.7782,82.816,,29.397,,,,,,,,,,,,,,,,,,,,,,,,,,
2003-04-23,1.0944,131.95,1.9464,0.5881,31.67,7.4253,15.6466,0.6907,245.63,3.4532,0.6326,0.4251,4.2858,36557,9.1095,232.475,41.005,1.5064,83.08,7.836,1767000,1.7646,1.5845,8.5357,1334.02,1.9608,1.9457,8.1509,1,,,,0.7786,82.85,,29.409,,,,,,,,,,,,,,,,,,,,,,,,,,
2003-04-24,1.1008,132.21,1.9461,0.5881,31.717,7.4247,15.6466,0.6929,245.81,3.4532,0.6343,0.4251,4.2932,36635,9.1,232.2565,40.964,1.5016,83.33,7.81,1756000,1.7819,1.6112,8.5858,1343.53,1.9877,1.9567,8.0337,1,,,,0.7827,82.8503,,29.5658,,,,,,,,,,,,,,,,,,,,,,,,,,
2003-04-25,1.0973,132.57,1.9461,0.5888,31.555,7.4234,15.6466,0.6935,245.73,3.4532,0.6334,0.425,4.2915,36660,9.118,232.3872,40.925,1.502,83.24,7.804,1749000,1.782,1.599,8.5586,1358.35,1.9821,1.9611,7.9496,1,,,,0.783,82.77,,29.6869,,,,,,,,,,,,,,,,,,,,,,,,,,
2003-04-26,1.0973,132.57,1.9461,0.5888,31.555,7.4234,15.6466,0.6935,245.73,3.4532,0.6334,0.425,4.2915,36660,9.118,232.3872,40.925,1.502,83.24,7.804,1749000,1.782,1.599,8.5586,1358.35,1.9821,1.9611,7.9496,1,,,,0.783,82.77,,29.6869,,,,,,,,,,,,,,,,,,,,,,,,,,
2003-04-27,1.0973,132.57,1.9461,0.5888,31.555,7.4234,15.6466,0.6935,245.73,3.4532,0.6334,0.425,4.2915,36660,9.118,232.3872,40.925,1.502,83.24,7.804,1749000,1.782,1.599,8.5586,1358.35,1.9821,1.9611,7.9496,1,,,,0.783,82.77,,29.6869,,,,,,,,,,,,,,,,,,,,,,,,,,
2003-04-28,1.1025,132.29,1.9462,0.5877,31.556,7.4245,15.6466,0.6909,245.55,3.4532,0.6344,0.4252,4.2628,36685,9.1495,232.5525,40.965,1.5063,82.85,7.7565,1749000,1.7759,1.5951,8.5989,1348.03,1.9776,1.9589,7.8965,1,,,,0.7793,82.0267,,29.5483,,,,,,,,,,,,,,,,,,,,,,,,,,
2003-04-29,1.0956,132.66,1.9462,0.5881,31.422,7.4246,15.6466,0.6937,245.68,3.4532,0.632,0.4194,4.2881,36640,9.119,232.5825,40.97,1.508,83.04,7.792,1743000,1.7726,1.5927,8.5449,1333.89,1.9735,1.9487,7.8779,1,,,,0.7864,82.5203,,29.8674,,,,,,,,,,,,,,,,,,,,,,,,,,
2003-04-30,1.1131,132.76,1.9463,0.5881,31.433,7.4243,15.6466,0.6987,245.73,3.4533,0.6374,0.4262,4.2591,37015,9.1155,232.6155,40.921,1.5141,83.61,7.8215,1750000,1.7822,1.6038,8.681,1352.69,1.99,1.9764,8.0878,1,,,,,,,,,,,,,,,,,,,,,,,,,,,,,,,,,
2003-05-01,1.1131,133.17,1.9463,0.5881,31.433,7.4243,15.6466,0.6977,245.73,3.4533,0.6374,0.4262,4.2365,37015,9.1215,232.6155,40.921,1.5113,83.61,7.8185,1750000,1.7822,1.6038,8.681,1352.69,1.99,1.9764,8.1308,1,,,,,,,,,,,,,,,,,,,,,,,,,,,,,,,,,
2003-05-02,1.1239,133.64,1.9464,0.5881,31.267,7.4246,15.6466,0.7007,245.85,3.4532,0.6405,0.4268,4.249,37310,9.0899,232.725,40.843,1.5088,83.55,7.8655,1726000,1.7802,1.5925,8.7653,1362.5,1.9991,1.9874,8.4119,1,,,,,,,,,,,,,,,,,,,,,,,,,,,,,,,,,
2003-05-03,1.1239,133.64,1.9464,0.5881,31.267,7.4246,15.6466,0.7007,245.85,3.4532,0.6405,0.4268,4.249,37310,9.0899,232.725,40.843,1.5088,83.55,7.8655,1726000,1.7802,1.5925,8.7653,1362.5,1.9991,1.9874,8.4119,1,,,,,,,,,,,,,,,,,,,,,,,,,,,,,,,,,
2003-05-04,1.1239,133.64,1.9464,0.5881,31.267,7.4246,15.6466,0.7007,245.85,3.4532,0.6405,0.4268,4.249,37310,9.0899,232.725,40.843,1.5088,83.55,7.8655,1726000,1.7802,1.5925,8.7653,1362.5,1.9991,1.9874,8.4119,1,,,,,,,,,,,,,,,,,,,,,,,,,,,,,,,,,
2003-05-05,1.1218,133.81,1.9464,0.5881,31.287,7.4257,15.6466,0.7026,245.01,3.4531,0.64,0.4267,4.241,37310,9.0818,232.7516,41.156,1.5155,83.59,7.8581,1715000,1.7746,1.5926,8.7489,1360.18,1.989,1.9775,8.139,1,,,,,,,,,,,,,,,,,,,,,,,,,,,,,,,,,
2003-05-06,1.1344,134.29,1.9464,0.5878,31.303,7.4258,15.6466,0.7071,245.11,3.4532,0.644,0.4278,4.3195,37523,9.0825,232.6633,41.162,1.5133,83.66,7.848,1736000,1.7801,1.5956,8.8393,1365.82,1.9977,1.9781,8.2599,1,,,,,,,,,,,,,,,,,,,,,,,,,,,,,,,,,
2003-05-07,1.1427,132.16,1.9464,0.5879,31.372,7.4256,15.6466,0.7107,244.89,3.4532,0.6465,0.4289,4.306,37607,9.1016,232.7516,41.225,1.5033,83.74,7.8523,1750000,1.7805,1.5889,8.9119,1370.1,1.9958,1.9905,8.1866,1,,,,,,,,,,,,,,,,,,,,,,,,,,,,,,,,,
2003-05-08,1.1435,134.48,1.9462,0.5874,31.378,7.4255,15.6466,0.7166,244.97,3.4533,0.6458,0.4289,4.321,37560,9.1049,232.905,41.24,1.5089,84.23,7.85,1735000,1.7839,1.5984,8.9166,1370.83,1.9953,1.986,8.2581,1,,,,,,,,,,,,,,,,,,,,,,,,,,,,,,,,,
2003-05-09,1.1466,134.82,1.9462,0.5872,31.463,7.4244,15.6466,0.7155,245.13,3.4535,0.6486,0.4294,4.311,37503,9.1887,232.965,41.155,1.5092,84.44,7.8785,1719000,1.7806,1.6049,8.9424,1375.92,1.9915,1.9978,8.3532,1,,,,,,,,,,,,,,,,,,,,,,,,,,,,,,,,,
2003-05-10,1.1466,134.82,1.9462,0.5872,31.463,7.4244,15.6466,0.7155,245.13,3.4535,0.6486,0.4294,4.311,37503,9.1887,232.965,41.155,1.5092,84.44,7.8785,1719000,1.7806,1.6049,8.9424,1375.92,1.9915,1.9978,8.3532,1,,,,,,,,,,,,,,,,,,,,,,,,,,,,,,,,,
2003-05-11,1.1466,134.82,1.9462,0.5872,31.463,7.4244,15.6466,0.7155,245.13,3.4535,0.6486,0.4294,4.311,37503,9.1887,232.965,41.155,1.5092,84.44,7.8785,1719000,1.7806,1.6049,8.9424,1375.92,1.9915,1.9978,8.3532,1,,,,,,,,,,,,,,,,,,,,,,,,,,,,,,,,,
2003-05-12,1.1597,135.2,1.9466,0.5871,31.463,7.4247,15.6466,0.7173,245.18,3.4531,0.652,0.4303,4.336,37598,9.1799,232.985,41.16,1.5143,84.2,7.8797,1743000,1.7868,1.6107,9.0443,1386.42,1.9966,2.0105,8.4479,1,,,,,,,,,,,,,,,,,,,,,,,,,,,,,,,,,
2003-05-13,1.1518,134.45,1.9465,0.587,31.478,7.4243,15.6466,0.7162,244.68,3.4529,0.6492,0.4296,4.325,37535,9.1715,233.045,41.11,1.515,84.02,7.8727,1722000,1.782,1.6015,8.983,1381.58,1.9991,1.9955,8.4987,1,,,,,,,,,,,,,,,,,,,,,,,,,,,,,,,,,
2003-05-14,1.1499,133.5,1.9464,0.5865,31.515,7.4244,15.6466,0.71,244.81,3.4528,0.6481,0.4291,4.317,37518,9.1735,233.09,41.075,1.5124,83.89,7.8645,1707000,1.781,1.5977,8.9677,1379.88,2.002,1.9911,8.7726,1,,,,,,,,,,,,,,,,,,,,,,,,,,,,,,,,,
2003-05-15,1.1458,132.58,1.9461,0.5864,31.385,7.4243,15.6466,0.7025,244.75,3.4529,0.6454,0.4287,4.299,37520,9.1735,233.1,41.065,1.5068,83.78,7.8402,1702000,1.7756,1.5759,8.9364,1370.72,1.997,1.9685,9.1221,1,,,,,,,,,,,,,,,,,,,,,,,,,,,,,,,,,
2003-05-16,1.1492,134.55,1.9462,0.5864,31.293,7.4238,15.6466,0.7149,245.12,3.453,0.647,0.4285,4.339,37517,9.1614,233.0852,41.046,1.516,83.83,7.8575,1719000,1.7736,1.5769,8.9628,1378.87,1.9879,1.9847,8.9653,1,,,,,,,,,,,,,,,,,,,,,,,,,,,,,,,,,
2003-05-17,1.1492,134.55,1.9462,0.5864,31.293,7.4238,15.6466,0.7149,245.12,3.453,0.647,0.4285,4.339,37517,9.1614,233.0852,41.046,1.516,83.83,7.8575,1719000,1.7736,1.5769,8.9628,1378.87,1.9879,1.9847,8.9653,1,,,,,,,,,,,,,,,,,,,,,,,,,,,,,,,,,
2003-05-18,1.1492,134.55,1.9462,0.5864,31.293,7.4238,15.6466,0.7149,245.12,3.453,0.647,0.4285,4.339,37517,9.1614,233.0852,41.046,1.516,83.83,7.8575,1719000,1.7736,1.5769,8.9628,1378.87,1.9879,1.9847,8.9653,1,,,,,,,,,,,,,,,,,,,,,,,,,,,,,,,,,
2003-05-19,1.1652,136.35,1.9468,0.5864,31.372,7.4243,15.6466,0.7128,245.21,3.4526,0.6523,0.4297,4.333,37737,9.1553,233.1123,41.045,1.5111,85.29,7.9329,1737000,1.7808,1.5846,9.0871,1389.5,1.9964,2.0102,9.2466,1,,,,,,,,,,,,,,,,,,,,,,,,,,,,,,,,,
2003-05-20,1.1644,136.84,1.9466,0.5864,31.47,7.4244,15.6466,0.7142,245.11,3.453,0.6529,0.4297,4.356,37687,9.203,233.1225,41.052,1.511,85.76,7.9467,1702000,1.7756,1.5777,9.0811,1397.28,1.9949,2.0137,9.1319,1,,,,,,,,,,,,,,,,,,,,,,,,,,,,,,,,,
2003-05-21,1.1689,136.94,1.9464,0.5864,31.443,7.4243,15.6466,0.712,245.88,3.4524,0.6543,0.4297,4.345,37722,9.1854,233.1328,41.181,1.5118,85.44,7.8587,1703000,1.7775,1.5783,9.1162,1395.96,2.0004,2.0175,9.1293,1,,,,,,,,,,,,,,,,,,,,,,,,,,,,,,,,,
2003-05-22,1.172,137.08,1.9464,0.5864,31.38,7.4243,15.6466,0.7157,245.85,3.4524,0.6554,0.4303,4.3458,37700,9.1547,233.1115,41.125,1.5146,84.76,7.844,1729000,1.7795,1.5902,9.1404,1400.89,2.0148,2.015,9.1358,1,,,,,,,,,,,,,,,,,,,,,,,,,,,,,,,,,
2003-05-23,1.179,138.35,1.9465,0.5864,31.41,7.4242,15.6466,0.7227,246.07,3.4524,0.6579,0.4309,4.346,37665,9.1883,233.23,41.16,1.5255,84.04,7.8696,1728000,1.786,1.6273,9.1949,1407.73,2.0178,2.0313,9.332,1,,,,,,,,,,,,,,,,,,,,,,,,,,,,,,,,,
2003-05-24,1.179,138.35,1.9465,0.5864,31.41,7.4242,15.6466,0.7227,246.07,3.4524,0.6579,0.4309,4.346,37665,9.1883,233.23,41.16,1.5255,84.04,7.8696,1728000,1.786,1.6273,9.1949,1407.73,2.0178,2.0313,9.332,1,,,,,,,,,,,,,,,,,,,,,,,,,,,,,,,,,
2003-05-25,1.179,138.35,1.9465,0.5864,31.41,7.4242,15.6466,0.7227,246.07,3.4524,0.6579,0.4309,4.346,37665,9.1883,233.23,41.16,1.5255,84.04,7.8696,1728000,1.786,1.6273,9.1949,1407.73,2.0178,2.0313,9.332,1,,,,,,,,,,,,,,,,,,,,,,,,,,,,,,,,,
2003-05-26,1.1813,138.6,1.9463,0.5866,31.395,7.4246,15.6466,0.7232,245.98,3.4525,0.6586,0.4311,4.352,37703,9.1949,233.245,41.149,1.5271,84.79,7.8792,1722000,1.7953,1.6279,9.2124,1416.38,2.0242,2.0346,9.3597,1,,,,,,,,,,,,,,,,,,,,,,,,,,,,,,,,,
2003-05-27,1.1901,138.53,1.9461,0.5868,31.412,7.4243,15.6466,0.7204,245.82,3.4523,0.6614,0.4316,4.345,37839,9.179,233.305,41.125,1.5211,85.27,7.8822,1730000,1.8041,1.6366,9.2812,1426.33,2.0333,2.048,9.558,1,,,,,,,,,,,,,,,,,,,,,,,,,,,,,,,,,
2003-05-28,1.1738,139.41,1.946,0.5868,31.34,7.4242,15.6466,0.7172,246.38,3.4522,0.6572,0.4306,4.356,37792,9.1437,233.121,41.055,1.5246,85.08,7.885,1704000,1.8008,1.6243,9.154,1409.09,2.037,2.0337,9.6329,1,,,,,,,,,,,,,,,,,,,,,,,,,,,,,,,,,
2003-05-29,1.1756,140.55,1.9464,0.5869,31.378,7.4241,15.6466,0.7191,249.92,3.4527,0.6582,0.4304,4.408,37825,9.1609,232.1594,41.31,1.5282,85.03,7.8751,1713000,1.8256,1.6294,9.1685,1418.95,2.0548,2.0401,9.4095,1,,,,,,,,,,,,,,,,,,,,,,,,,,,,,,,,,
2003-05-30,1.1822,140.49,1.9465,0.587,31.333,7.4244,15.6466,0.7201,249.73,3.4523,0.661,0.431,4.388,38107,9.1209,233.2,41.185,1.5286,84.77,7.8725,1688000,1.8136,1.6214,9.2195,1425.73,2.0499,2.0446,9.5467,1,,,,,,,,,,,,,,,,,,,,,,,,,,,,,,,,,
2003-05-31,1.1822,140.49,1.9465,0.587,31.333,7.4244,15.6466,0.7201,249.73,3.4523,0.661,0.431,4.388,38107,9.1209,233.2,41.185,1.5286,84.77,7.8725,1688000,1.8136,1.6214,9.2195,1425.73,2.0499,2.0446,9.5467,1,,,,,,,,,,,,,,,,,,,,,,,,,,,,,,,,,
2003-06-01,1.1822,140.49,1.9465,0.587,31.333,7.4244,15.6466,0.7201,249.73,3.4523,0.661,0.431,4.388,38107,9.1209,233.2,41.185,1.5286,84.77,7.8725,1688000,1.8136,1.6214,9.2195,1425.73,2.0499,2.0446,9.5467,1,,,,,,,,,,,,,,,,,,,,,,,,,,,,,,,,,
2003-06-02,1.1672,139.36,1.9463,0.5872,31.362,7.4244,15.6466,0.7177,252.12,3.4523,0.656,0.4302,4.4446,37965,9.1184,233.22,41.121,1.5284,84.45,7.8905,1660000,1.7906,1.6058,9.1027,1407,2.0275,2.0163,9.4221,1,,,,,,,,,,,,,,,,,,,,,,,,,,,,,,,,,
2003-06-03,1.1723,139.83,1.9464,0.5871,31.31,7.4246,15.6466,0.7201,253.75,3.4524,0.6578,0.4304,4.44,38062,9.1152,233.35,41.176,1.5374,85.13,8.0431,1687000,1.7806,1.6034,9.1423,1408.46,2.0223,2.0232,9.3897,1,,,,,,,,,,,,,,,,,,,,,,,,,,,,,,,,,
2003-06-04,1.1691,138.44,1.9464,0.5872,31.495,7.4248,15.6466,0.7135,263.5,3.453,0.6563,0.4303,4.431,37995,9.1202,233.345,41.394,1.5348,85.51,8.0841,1669000,1.7582,1.586,9.1172,1403.39,2.0073,2.0171,9.5462,1,,,,,,,,,,,,,,,,,,,,,,,,,,,,,,,,,
2003-06-05,1.1775,139.41,1.9464,0.5866,31.4,7.4243,15.6466,0.7127,263.53,3.4535,0.6593,0.43,4.4,38000,9.1174,233.405,41.52,1.5398,85.5,8.1343,1705000,1.7678,1.5932,9.1828,1413.29,2.0387,2.0286,9.3794,1,,,,,,,,,,,,,,,,,,,,,,,,,,,,,,,,,
2003-06-06,1.1813,138.84,1.9467,0.5862,31.335,7.4246,15.6466,0.7039,260.5,3.4532,0.6608,0.4298,4.365,38280,9.113,233.455,41.43,1.5441,85.77,8.1646,1687000,1.7822,1.5979,9.2125,1417.91,2.0453,2.035,9.486,1,,,,,,,,,,,,,,,,,,,,,,,,,,,,,,,,,
2003-06-07,1.1813,138.84,1.9467,0.5862,31.335,7.4246,15.6466,0.7039,260.5,3.4532,0.6608,0.4298,4.365,38280,9.113,233.455,41.43,1.5441,85.77,8.1646,1687000,1.7822,1.5979,9.2125,1417.91,2.0453,2.035,9.486,1,,,,,,,,,,,,,,,,,,,,,,,,,,,,,,,,,
2003-06-08,1.1813,138.84,1.9467,0.5862,31.335,7.4246,15.6466,0.7039,260.5,3.4532,0.6608,0.4298,4.365,38280,9.113,233.455,41.43,1.5441,85.77,8.1646,1687000,1.7822,1.5979,9.2125,1417.91,2.0453,2.035,9.486,1,,,,,,,,,,,,,,,,,,,,,,,,,,,,,,,,,
2003-06-09,1.1726,138.41,1.9464,0.5862,31.348,7.4245,15.6466,0.7116,261.55,3.4527,0.6579,0.4295,4.456,38212,9.1094,233.45,41.356,1.5406,85.64,8.1769,1659000,1.7775,1.6014,9.1461,1402.56,2.0343,2.0254,9.2885,1,,,,,,,,,,,,,,,,,,,,,,,,,,,,,,,,,
2003-06-10,1.1699,137.47,1.9465,0.5862,31.305,7.4246,15.6466,0.7068,259.4,3.4527,0.657,0.4292,4.406,38215,9.1206,233.55,41.49,1.5378,85.65,8.1941,1669000,1.7768,1.59,9.1235,1397.27,2.0336,2.0273,9.2548,1,,,,,,,,,,,,,,,,,,,,,,,,,,,,,,,,,
2003-06-11,1.1748,138.43,1.9463,0.5859,31.3,7.4241,15.6466,0.7053,257.75,3.4525,0.6578,0.429,4.432,38230,9.108,233.635,41.535,1.5374,86.12,8.2337,1678000,1.778,1.5937,9.1619,1404.24,2.0336,2.0389,9.3395,1,,,,,,,,,,,,,,,,,,,,,,,,,,,,,,,,,
2003-06-12,1.1734,138.48,1.9465,0.586,31.285,7.4238,15.6466,0.7053,258.45,3.4523,0.6567,0.4287,4.462,38250,9.0804,233.705,41.455,1.5422,86.17,8.1657,1665000,1.7696,1.5883,9.1513,1400.22,2.03,2.0386,9.1827,1,,,,,,,,,,,,,,,,,,,,,,,,,,,,,,,,,
2003-06-13,1.1751,139.3,1.9464,0.5863,31.245,7.4243,15.6466,0.7101,259.71,3.4523,0.6581,0.4292,4.441,38270,9.0789,233.715,41.346,1.5402,86.62,8.2049,1662000,1.768,1.5826,9.1647,1400.66,2.0314,2.0364,9.3066,1,,,,,,,,,,,,,,,,,,,,,,,,,,,,,,,,,
2003-06-14,1.1751,139.3,1.9464,0.5863,31.245,7.4243,15.6466,0.7101,259.71,3.4523,0.6581,0.4292,4.441,38270,9.0789,233.715,41.346,1.5402,86.62,8.2049,1662000,1.768,1.5826,9.1647,1400.66,2.0314,2.0364,9.3066,1,,,,,,,,,,,,,,,,,,,,,,,,,,,,,,,,,
2003-06-15,1.1751,139.3,1.9464,0.5863,31.245,7.4243,15.6466,0.7101,259.71,3.4523,0.6581,0.4292,4.441,38270,9.0789,233.715,41.346,1.5402,86.62,8.2049,1662000,1.768,1.5826,9.1647,1400.66,2.0314,2.0364,9.3066,1,,,,,,,,,,,,,,,,,,,,,,,,,,,,,,,,,
2003-06-16,1.1854,139.05,1.9462,0.5859,31.335,7.4244,15.6466,0.7044,261.13,3.4525,0.6621,0.4294,4.386,38368,9.0783,233.715,41.36,1.5436,86.7,8.213,1677000,1.773,1.5825,9.2446,1410.86,2.0323,2.0474,9.2091,1,,,,,,,,,,,,,,,,,,,,,,,,,,,,,,,,,
2003-06-17,1.1797,139.16,1.9462,0.5863,31.435,7.4239,15.6466,0.6999,262.7,3.4523,0.6603,0.429,4.385,38285,9.0438,233.675,41.435,1.5418,86.42,8.1995,1672000,1.764,1.5868,9.2002,1396.76,2.0206,2.039,9.1999,1,,,,,,,,,,,,,,,,,,,,,,,,,,,,,,,,,
2003-06-18,1.1699,137.84,1.9464,0.5863,31.415,7.4241,15.6466,0.6954,265.87,3.4522,0.6563,0.428,4.432,38255,9.0575,233.785,41.485,1.5446,85.92,8.1617,1659000,1.7459,1.5727,9.1238,1386.21,2.0026,2.0267,9.2493,1,,,,,,,,,,,,,,,,,,,,,,,,,,,,,,,,,
2003-06-19,1.1655,138.71,1.9462,0.5856,31.45,7.4249,15.6466,0.6974,266.08,3.4528,0.6542,0.4278,4.467,38100,9.0854,233.775,41.7,1.5418,85.59,8.1586,1665000,1.7425,1.5762,9.0897,1394.52,1.9967,2.0195,9.2607,1,,,,,,,,,,,,,,,,,,,,,,,,,,,,,,,,,
2003-06-20,1.1655,137.53,1.9462,0.5855,31.48,7.425,15.6466,0.6974,262.07,3.4526,0.6534,0.4279,4.428,38140,9.068,233.765,41.671,1.5415,86.21,8.178,1650000,1.737,1.5661,9.0896,1387.59,1.9909,2.0204,9.1455,1,,,,,,,,,,,,,,,,,,,,,,,,,,,,,,,,,
2003-06-21,1.1655,137.53,1.9462,0.5855,31.48,7.425,15.6466,0.6974,262.07,3.4526,0.6534,0.4279,4.428,38140,9.068,233.765,41.671,1.5415,86.21,8.178,1650000,1.737,1.5661,9.0896,1387.59,1.9909,2.0204,9.1455,1,,,,,,,,,,,,,,,,,,,,,,,,,,,,,,,,,
2003-06-22,1.1655,137.53,1.9462,0.5855,31.48,7.425,15.6466,0.6974,262.07,3.4526,0.6534,0.4279,4.428,38140,9.068,233.765,41.671,1.5415,86.21,8.178,1650000,1.737,1.5661,9.0896,1387.59,1.9909,2.0204,9.1455,1,,,,,,,,,,,,,,,,,,,,,,,,,,,,,,,,,
2003-06-23,1.1539,135.97,1.9462,0.5851,31.495,7.4252,15.6466,0.6926,260.3,3.4531,0.6493,0.4273,4.459,37910,9.1182,233.865,41.829,1.5289,86.65,8.1626,1652000,1.7368,1.5755,8.9989,1373.43,1.9708,2.0064,9.1735,1,,,,,,,,,,,,,,,,,,,,,,,,,,,,,,,,,
2003-06-24,1.1565,135.57,1.9461,0.5849,31.53,7.4254,15.6466,0.6914,260.54,3.4528,0.65,0.4273,4.45,37880,9.1417,233.875,41.774,1.5297,87.33,8.1625,1666000,1.7381,1.5676,9.019,1379.13,1.9726,2.0122,8.9467,1,,,,,,,,,,,,,,,,,,,,,,,,,,,,,,,,,
2003-06-25,1.1551,136.08,1.9462,0.5852,31.48,7.4252,15.6466,0.6893,260.73,3.4529,0.6487,0.4269,4.455,37760,9.1518,233.885,41.671,1.5337,87.92,8.2719,1664000,1.7271,1.5628,9.008,1371.33,1.9707,2.0084,8.8805,1,,,,,,,,,,,,,,,,,,,,,,,,,,,,,,,,,
2003-06-26,1.1432,136.48,1.9461,0.585,31.47,7.4257,15.6466,0.6875,262.97,3.4525,0.6452,0.426,4.478,37700,9.1553,233.874,41.66,1.5424,87.27,8.28,1650000,1.7174,1.5474,8.9149,1356.64,1.9619,2.004,8.7077,1,,,,,,,,,,,,,,,,,,,,,,,,,,,,,,,,,
2003-06-27,1.1413,136.75,1.9462,0.5863,31.6,7.427,15.6466,0.6929,266.25,3.4528,0.6476,0.4264,4.4463,37700,9.1785,233.865,41.69,1.5424,87.02,8.285,1630000,1.7166,1.5448,8.8999,1363.17,1.9648,2.0038,8.5192,1,,,,,,,,,,,,,,,,,,,,,,,,,,,,,,,,,
2003-06-28,1.1413,136.75,1.9462,0.5863,31.6,7.427,15.6466,0.6929,266.25,3.4528,0.6476,0.4264,4.4463,37700,9.1785,233.865,41.69,1.5424,87.02,8.285,1630000,1.7166,1.5448,8.8999,1363.17,1.9648,2.0038,8.5192,1,,,,,,,,,,,,,,,,,,,,,,,,,,,,,,,,,
2003-06-29,1.1413,136.75,1.9462,0.5863,31.6,7.427,15.6466,0.6929,266.25,3.4528,0.6476,0.4264,4.4463,37700,9.1785,233.865,41.69,1.5424,87.02,8.285,1630000,1.7166,1.5448,8.8999,1363.17,1.9648,2.0038,8.5192,1,,,,,,,,,,,,,,,,,,,,,,,,,,,,,,,,,
2003-06-30,1.1427,137.88,1.9462,0.5864,31.572,7.4299,15.6466,0.6957,266.61,3.4528,0.6489,0.4267,4.489,37660,9.176,233.952,41.55,1.5551,87.61,8.2953,1618000,1.7116,1.5506,8.911,1364.38,1.9569,2.0149,8.6217,1,,,,,,,,,,,,,,,,,,,,,,,,,,,,,,,,,
2003-07-01,1.1543,137.91,1.9463,0.5865,31.564,7.4303,15.6466,0.695,264.63,3.4529,0.6532,0.4274,4.41,37860,9.1965,233.87,41.385,1.5525,88.08,8.2525,1627000,1.7081,1.5541,9.0018,1373.73,1.9424,2.029,8.6163,1,,,,,,,,,,,,,,,,,,,,,,,,,,,,,,,,,
2003-07-02,1.1535,136.34,1.9464,0.5871,31.593,7.4307,15.6466,0.6922,263.14,3.4532,0.652,0.4271,4.442,37770,9.1801,234.048,41.48,1.5533,88.15,8.2885,1616000,1.702,1.5594,8.9952,1369.32,1.9459,2.0224,8.5819,1,,,,,,,,,,,,,,,,,,,,,,,,,,,,,,,,,
2003-07-03,1.1457,135.81,1.9464,0.5875,31.685,7.4336,15.6466,0.6881,263.31,3.4531,0.6477,0.4264,4.454,37625,9.1603,234.145,41.53,1.5503,87.44,8.2628,1603000,1.6863,1.5394,8.9344,1356.05,1.9295,2.0096,8.6266,1,,,,,,,,,,,,,,,,,,,,,,,,,,,,,,,,,
2003-07-04,1.1466,135.6,1.9465,0.5868,31.625,7.4338,15.6466,0.6891,263.98,3.4531,0.6474,0.4261,4.45,37611,9.2052,234.205,41.525,1.5507,87.61,8.2884,1596000,1.6863,1.5341,8.9414,1353.56,1.9252,2.0046,8.6216,1,,,,,,,,,,,,,,,,,,,,,,,,,,,,,,,,,
2003-07-05,1.1466,135.6,1.9465,0.5868,31.625,7.4338,15.6466,0.6891,263.98,3.4531,0.6474,0.4261,4.45,37611,9.2052,234.205,41.525,1.5507,87.61,8.2884,1596000,1.6863,1.5341,8.9414,1353.56,1.9252,2.0046,8.6216,1,,,,,,,,,,,,,,,,,,,,,,,,,,,,,,,,,
2003-07-06,1.1466,135.6,1.9465,0.5868,31.625,7.4338,15.6466,0.6891,263.98,3.4531,0.6474,0.4261,4.45,37611,9.2052,234.205,41.525,1.5507,87.61,8.2884,1596000,1.6863,1.5341,8.9414,1353.56,1.9252,2.0046,8.6216,1,,,,,,,,,,,,,,,,,,,,,,,,,,,,,,,,,
2003-07-07,1.136,133.83,1.9463,0.5871,31.634,7.4351,15.6466,0.6864,263.02,3.4534,0.6444,0.4259,4.433,37385,9.2242,234.35,41.514,1.5554,87.3,8.2902,1594000,1.6675,1.5306,8.8587,1342.75,1.8982,1.9926,8.5069,1,,,,,,,,,,,,,,,,,,,,,,,,,,,,,,,,,
2003-07-08,1.1326,133.85,1.9462,0.5871,31.609,7.4359,15.6466,0.6916,262.55,3.4532,0.6452,0.4261,4.448,37245,9.1432,234.425,41.59,1.5495,87.97,8.2519,1590000,1.695,1.5368,8.8326,1336.69,1.9094,1.9892,8.6247,1,,,,,,,,,,,,,,,,,,,,,,,,,,,,,,,,,
2003-07-09,1.1355,133.61,1.9461,0.5872,31.595,7.4351,15.6466,0.6929,262.05,3.4524,0.6468,0.4268,4.444,37211,9.129,234.415,41.602,1.5431,87.86,8.2709,1614000,1.7193,1.5488,8.8554,1338.87,1.9235,1.9884,8.6094,1,,,,,,,,,,,,,,,,,,,,,,,,,,,,,,,,,
2003-07-10,1.1342,133.67,1.9466,0.5873,31.634,7.4354,15.6466,0.6948,261.73,3.4525,0.645,0.427,4.443,37200,9.126,234.435,41.595,1.5469,87.55,8.2943,1598000,1.7357,1.5724,8.8458,1336.6,1.9417,1.9863,8.6339,1,,,,,,,,,,,,,,,,,,,,,,,,,,,,,,,,,
2003-07-11,1.1315,132.97,1.9461,0.5875,31.666,7.435,15.6466,0.6914,261.58,3.4524,0.6431,0.4261,4.429,37140,9.1251,234.325,41.605,1.5545,87.12,8.2988,1576000,1.7194,1.5575,8.8247,1333.42,1.9189,1.9853,8.5061,1,,,,,,,,,,,,,,,,,,,,,,,,,,,,,,,,,
2003-07-12,1.1315,132.97,1.9461,0.5875,31.666,7.435,15.6466,0.6914,261.58,3.4524,0.6431,0.4261,4.429,37140,9.1251,234.325,41.605,1.5545,87.12,8.2988,1576000,1.7194,1.5575,8.8247,1333.42,1.9189,1.9853,8.5061,1,,,,,,,,,,,,,,,,,,,,,,,,,,,,,,,,,
2003-07-13,1.1315,132.97,1.9461,0.5875,31.666,7.435,15.6466,0.6914,261.58,3.4524,0.6431,0.4261,4.429,37140,9.1251,234.325,41.605,1.5545,87.12,8.2988,1576000,1.7194,1.5575,8.8247,1333.42,1.9189,1.9853,8.5061,1,,,,,,,,,,,,,,,,,,,,,,,,,,,,,,,,,
2003-07-14,1.1299,132.73,1.9462,0.5875,31.826,7.4325,15.6466,0.6995,260.79,3.4524,0.6436,0.4265,4.428,36957,9.1518,234.435,41.64,1.5499,87.27,8.3338,1568000,1.7116,1.5577,8.814,1329.1,1.9142,1.983,8.5662,1,,,,,,,,,,,,,,,,,,,,,,,,,,,,,,,,,
2003-07-15,1.1319,131.78,1.9462,0.5872,31.845,7.4313,15.6466,0.7014,261.05,3.4523,0.6453,0.4275,4.445,37034,9.1359,234.5,41.68,1.5471,87.43,8.342,1561000,1.717,1.5584,8.8286,1331.23,1.927,1.9871,8.6096,1,,,,,,,,,,,,,,,,,,,,,,,,,,,,,,,,,
2003-07-16,1.1138,132.53,1.9464,0.5873,31.877,7.4343,15.6466,0.7025,262.05,3.4523,0.6405,0.4266,4.465,36546,9.1757,234.55,41.674,1.5447,87.02,8.3484,1544000,1.7102,1.5542,8.687,1310.39,1.9224,1.9626,8.7027,1,,,,,,,,,,,,,,,,,,,,,,,,,,,,,,,,,
2003-07-17,1.1231,133.5,1.9465,0.5874,31.948,7.4357,15.6466,0.7035,264.65,3.4524,0.6437,0.4275,4.4765,36623,9.23,234.525,41.8,1.5214,87.24,8.366,1557000,1.7152,1.5637,8.7594,1324.13,1.9206,1.9764,8.6702,1,,,,,,,,,,,,,,,,,,,,,,,,,,,,,,,,,
2003-07-18,1.1205,133.53,1.9466,0.5873,32.084,7.4338,15.6466,0.7075,267.35,3.4524,0.6427,0.4273,4.462,36760,9.2675,234.535,42.18,1.5354,87.35,8.349,1564000,1.7303,1.5754,8.7389,1323.31,1.9488,1.9751,8.6141,1,,,,,,,,,,,,,,,,,,,,,,,,,,,,,,,,,
2003-07-19,1.1205,133.53,1.9466,0.5873,32.084,7.4338,15.6466,0.7075,267.35,3.4524,0.6427,0.4273,4.462,36760,9.2675,234.535,42.18,1.5354,87.35,8.349,1564000,1.7303,1.5754,8.7389,1323.31,1.9488,1.9751,8.6141,1,,,,,,,,,,,,,,,,,,,,,,,,,,,,,,,,,
2003-07-20,1.1205,133.53,1.9466,0.5873,32.084,7.4338,15.6466,0.7075,267.35,3.4524,0.6427,0.4273,4.462,36760,9.2675,234.535,42.18,1.5354,87.35,8.349,1564000,1.7303,1.5754,8.7389,1323.31,1.9488,1.9751,8.6141,1,,,,,,,,,,,,,,,,,,,,,,,,,,,,,,,,,
2003-07-21,1.1284,134.38,1.9468,0.5873,32.3,7.4347,15.6466,0.7088,265.95,3.4523,0.6454,0.428,4.451,36750,9.262,234.55,42.38,1.5363,87.76,8.3546,1568000,1.7416,1.5886,8.8007,1329.82,1.9697,1.9827,8.61,1,,,,,,,,,,,,,,,,,,,,,,,,,,,,,,,,,
2003-07-22,1.1343,134.77,1.9466,0.5874,32.192,7.4342,15.6466,0.7091,266.32,3.4523,0.6473,0.4282,4.424,36778,9.2674,234.51,42.257,1.5424,88.02,8.3437,1577000,1.7372,1.5951,8.8467,1341.76,1.9663,1.9936,8.5741,1,,,,,,,,,,,,,,,,,,,,,,,,,,,,,,,,,
2003-07-23,1.1401,136.35,1.9466,0.5874,32.174,7.4333,15.6466,0.714,267.64,3.4526,0.6492,0.4287,4.4187,36859,9.2168,234.55,42.22,1.5459,87.98,8.2942,1601000,1.74,1.6125,8.8917,1346.29,1.9715,2.0021,8.6023,1,,,,,,,,,,,,,,,,,,,,,,,,,,,,,,,,,
2003-07-24,1.1467,136.53,1.9466,0.5874,32.126,7.4323,15.6466,0.7106,265.98,3.4528,0.6517,0.429,4.408,37075,9.2182,234.525,42.095,1.5447,88.25,8.2675,1635000,1.7282,1.6011,8.9431,1352.76,1.9559,2.0038,8.6143,1,,,,,,,,,,,,,,,,,,,,,,,,,,,,,,,,,
2003-07-25,1.1477,136.61,1.9466,0.5875,32.092,7.4317,15.6466,0.7104,264.06,3.4531,0.6519,0.429,4.397,37120,9.187,234.495,42.06,1.5456,88.17,8.216,1624000,1.7308,1.5994,8.9509,1354.46,1.9569,2.0067,8.537,1,,,,,,,,,,,,,,,,,,,,,,,,,,,,,,,,,
2003-07-26,1.1477,136.61,1.9466,0.5875,32.092,7.4317,15.6466,0.7104,264.06,3.4531,0.6519,0.429,4.397,37120,9.187,234.495,42.06,1.5456,88.17,8.216,1624000,1.7308,1.5994,8.9509,1354.46,1.9569,2.0067,8.537,1,,,,,,,,,,,,,,,,,,,,,,,,,,,,,,,,,
2003-07-27,1.1477,136.61,1.9466,0.5875,32.092,7.4317,15.6466,0.7104,264.06,3.4531,0.6519,0.429,4.397,37120,9.187,234.495,42.06,1.5456,88.17,8.216,1624000,1.7308,1.5994,8.9509,1354.46,1.9569,2.0067,8.537,1,,,,,,,,,,,,,,,,,,,,,,,,,,,,,,,,,
2003-07-28,1.1489,137.15,1.9467,0.5875,32,7.4308,15.6466,0.7067,263.94,3.4534,0.6522,0.4285,4.395,37180,9.1784,234.6,42.055,1.5473,87.71,8.2339,1630000,1.7322,1.5901,8.9604,1354.27,1.9522,2.0108,8.4311,1,,,,,,,,,,,,,,,,,,,,,,,,,,,,,,,,,
2003-07-29,1.1462,137.15,1.9464,0.5875,31.971,7.4313,15.6466,0.7043,262.67,3.4533,0.6518,0.4284,4.369,37325,9.1932,234.6,41.95,1.5467,87.62,8.264,1650000,1.726,1.5876,8.9392,1350.91,1.944,2.0107,8.4124,1,,,,,,,,,,,,,,,,,,,,,,,,,,,,,,,,,
2003-07-30,1.142,136.5,1.9466,0.5875,31.983,7.4312,15.6466,0.7021,263.38,3.4532,0.6504,0.428,4.374,37247,9.178,234.66,41.835,1.5465,87.58,8.2065,1631000,1.7373,1.5922,8.9065,1347.45,1.9526,2.0058,8.4333,1,,,,,,,,,,,,,,,,,,,,,,,,,,,,,,,,,
2003-07-31,1.1318,135.44,1.9467,0.5875,32.22,7.4311,15.6466,0.6975,263.93,3.4525,0.647,0.4274,4.3728,37114,9.188,234.795,41.85,1.5386,87.69,8.161,1606000,1.7455,1.5867,8.8271,1335.35,1.9521,1.9901,8.426,1,,,,,,,,,,,,,,,,,,,,,,,,,,,,,,,,,
2003-08-01,1.1169,135.48,1.9466,0.5874,32.31,7.4302,15.6466,0.7001,264.25,3.4527,0.6424,0.4263,4.4,37203,9.2302,234.76,41.989,1.5393,87.4,8.157,1609000,1.7258,1.5709,8.7109,1322.63,1.9298,1.9682,8.373,1,,,,,,,,,,,,,,,,,,,,,,,,,,,,,,,,,
2003-08-02,1.1169,135.48,1.9466,0.5874,32.31,7.4302,15.6466,0.7001,264.25,3.4527,0.6424,0.4263,4.4,37203,9.2302,234.76,41.989,1.5393,87.4,8.157,1609000,1.7258,1.5709,8.7109,1322.63,1.9298,1.9682,8.373,1,,,,,,,,,,,,,,,,,,,,,,,,,,,,,,,,,
2003-08-03,1.1169,135.48,1.9466,0.5874,32.31,7.4302,15.6466,0.7001,264.25,3.4527,0.6424,0.4263,4.4,37203,9.2302,234.76,41.989,1.5393,87.4,8.157,1609000,1.7258,1.5709,8.7109,1322.63,1.9298,1.9682,8.373,1,,,,,,,,,,,,,,,,,,,,,,,,,,,,,,,,,
2003-08-04,1.1307,136.69,1.9465,0.5872,32.272,7.4317,15.6466,0.7042,263.03,3.4525,0.6471,0.4273,4.3813,37370,9.2597,234.775,41.99,1.5298,87.9,8.171,1607000,1.7374,1.582,8.8185,1335.53,1.9339,1.9925,8.4742,1,,,,,,,,,,,,,,,,,,,,,,,,,,,,,,,,,
2003-08-05,1.1333,136.61,1.9466,0.5868,32.171,7.433,15.6466,0.7055,262.05,3.4526,0.6484,0.4277,4.3666,37320,9.22,234.795,41.89,1.5334,87.95,8.227,1591000,1.758,1.5958,8.8388,1346.08,1.9566,2.0002,8.4661,1,,,,,,,,,,,,,,,,,,,,,,,,,,,,,,,,,
2003-08-06,1.1392,136.24,1.9465,0.5868,32.156,7.4348,15.6466,0.7041,261.95,3.4527,0.6502,0.428,4.358,37390,9.2222,234.84,41.81,1.5333,88.21,8.1762,1603000,1.7572,1.5942,8.885,1349.55,1.9646,2.0089,8.3213,1,,,,,,,,,,,,,,,,,,,,,,,,,,,,,,,,,
2003-08-07,1.1353,135.41,1.9463,0.5871,32.06,7.4343,15.6466,0.7032,261.32,3.4527,0.6489,0.4281,4.3557,37355,9.215,234.915,41.735,1.5363,88.21,8.153,1603000,1.7527,1.592,8.8547,1345.27,1.9643,1.9952,8.2392,1,,,,,,,,,,,,,,,,,,,,,,,,,,,,,,,,,
2003-08-08,1.1326,134.71,1.9462,0.5871,32.03,7.4345,15.6466,0.7042,259.24,3.4533,0.6469,0.4276,4.356,37300,9.1965,234.945,41.71,1.5371,88.63,8.1667,1588000,1.7384,1.5813,8.8337,1337,1.945,1.9879,8.3022,1,,,,,,,,,,,,,,,,,,,,,,,,,,,,,,,,,
2003-08-09,1.1326,134.71,1.9462,0.5871,32.03,7.4345,15.6466,0.7042,259.24,3.4533,0.6469,0.4276,4.356,37300,9.1965,234.945,41.71,1.5371,88.63,8.1667,1588000,1.7384,1.5813,8.8337,1337,1.945,1.9879,8.3022,1,,,,,,,,,,,,,,,,,,,,,,,,,,,,,,,,,
2003-08-10,1.1326,134.71,1.9462,0.5871,32.03,7.4345,15.6466,0.7042,259.24,3.4533,0.6469,0.4276,4.356,37300,9.1965,234.945,41.71,1.5371,88.63,8.1667,1588000,1.7384,1.5813,8.8337,1337,1.945,1.9879,8.3022,1,,,,,,,,,,,,,,,,,,,,,,,,,,,,,,,,,
2003-08-11,1.1295,134.62,1.9461,0.5871,32.149,7.4331,15.6466,0.7065,258.5,3.4533,0.6456,0.4276,4.3547,37375,9.2491,234.965,41.89,1.5425,88.74,8.229,1585000,1.7214,1.5722,8.8093,1331.85,1.9284,1.9824,8.354,1,,,,,,,,,,,,,,,,,,,,,,,,,,,,,,,,,
2003-08-12,1.1312,133.7,1.946,0.5872,32.205,7.433,15.6466,0.7036,258.64,3.4533,0.6463,0.4279,4.3824,37280,9.233,234.995,41.86,1.5435,90,8.247,1586500,1.7195,1.5656,8.8225,1333.29,1.9265,1.9846,8.3628,1,,,,,,,,,,,,,,,,,,,,,,,,,,,,,,,,,
2003-08-13,1.1277,134.84,1.9461,0.5872,32.096,7.4325,15.6466,0.7039,258.68,3.4533,0.6455,0.4274,4.371,37325,9.2134,235.005,41.83,1.5464,90.31,8.3158,1583000,1.7217,1.5615,8.7951,1330.4,1.9253,1.9776,8.3939,1,,,,,,,,,,,,,,,,,,,,,,,,,,,,,,,,,
2003-08-14,1.127,134.11,1.9462,0.587,32.17,7.4319,15.6466,0.7034,260.55,3.4524,0.6449,0.4271,4.372,37330,9.2062,235.055,41.99,1.5446,89.42,8.2985,1580000,1.718,1.5575,8.7896,1325.97,1.9185,1.9754,8.2615,1,,,,,,,,,,,,,,,,,,,,,,,,,,,,,,,,,
2003-08-15,1.1247,134.18,1.9463,0.5869,32.2,7.4327,15.6466,0.705,260.92,3.4525,0.6436,0.4272,4.369,37330,9.2476,235.02,42.16,1.5429,89.75,8.3129,1574000,1.7089,1.5659,8.7758,1326.02,1.9102,1.9682,8.2653,1,,,,,,,,,,,,,,,,,,,,,,,,,,,,,,,,,
2003-08-16,1.1247,134.18,1.9463,0.5869,32.2,7.4327,15.6466,0.705,260.92,3.4525,0.6436,0.4272,4.369,37330,9.2476,235.02,42.16,1.5429,89.75,8.3129,1574000,1.7089,1.5659,8.7758,1326.02,1.9102,1.9682,8.2653,1,,,,,,,,,,,,,,,,,,,,,,,,,,,,,,,,,
2003-08-17,1.1247,134.18,1.9463,0.5869,32.2,7.4327,15.6466,0.705,260.92,3.4525,0.6436,0.4272,4.369,37330,9.2476,235.02,42.16,1.5429,89.75,8.3129,1574000,1.7089,1.5659,8.7758,1326.02,1.9102,1.9682,8.2653,1,,,,,,,,,,,,,,,,,,,,,,,,,,,,,,,,,
2003-08-18,1.1188,133.09,1.9462,0.587,32.23,7.4323,15.6466,0.7009,261.36,3.4524,0.6425,0.4271,4.372,37190,9.2642,235.085,42.185,1.548,89.2,8.3328,1566000,1.6965,1.5543,8.7257,1318.28,1.8981,1.9593,8.0843,1,,,,,,,,,,,,,,,,,,,,,,,,,,,,,,,,,
2003-08-19,1.1065,132.07,1.9462,0.5859,32.35,7.4337,15.6466,0.7013,259.74,3.4524,0.6376,0.4262,4.3746,37080,9.284,235.115,42.135,1.5459,88.85,8.322,1555000,1.6925,1.5477,8.6292,1304.73,1.8956,1.9392,8.1765,1,,,,,,,,,,,,,,,,,,,,,,,,,,,,,,,,,
2003-08-20,1.1109,131.23,1.9462,0.5859,32.44,7.4335,15.6466,0.6972,259.8,3.4527,0.6383,0.4261,4.358,37080,9.2446,235.145,41.993,1.5416,89.17,8.2829,1556000,1.6911,1.551,8.6633,1305.92,1.8908,1.9409,8.1868,1,,,,,,,,,,,,,,,,,,,,,,,,,,,,,,,,,
2003-08-21,1.1009,128.76,1.9463,0.5857,32.51,7.4329,15.6466,0.6921,258.65,3.453,0.6338,0.4255,4.36,37000,9.2058,235.16,41.925,1.5431,89.13,8.2887,1540000,1.6716,1.5476,8.5854,1291.25,1.8697,1.908,8.2117,1,,,,,,,,,,,,,,,,,,,,,,,,,,,,,,,,,
2003-08-22,1.0894,127.86,1.9462,0.5848,32.33,7.4326,15.6466,0.6911,257.39,3.453,0.629,0.4248,4.363,36900,9.2308,235.2,41.98,1.542,89.12,8.3189,1518000,1.6758,1.5375,8.4957,1274.27,1.8737,1.9001,8.1321,1,,,,,,,,,,,,,,,,,,,,,,,,,,,,,,,,,
2003-08-23,1.0894,127.86,1.9462,0.5848,32.33,7.4326,15.6466,0.6911,257.39,3.453,0.629,0.4248,4.363,36900,9.2308,235.2,41.98,1.542,89.12,8.3189,1518000,1.6758,1.5375,8.4957,1274.27,1.8737,1.9001,8.1321,1,,,,,,,,,,,,,,,,,,,,,,,,,,,,,,,,,
2003-08-24,1.0894,127.86,1.9462,0.5848,32.33,7.4326,15.6466,0.6911,257.39,3.453,0.629,0.4248,4.363,36900,9.2308,235.2,41.98,1.542,89.12,8.3189,1518000,1.6758,1.5375,8.4957,1274.27,1.8737,1.9001,8.1321,1,,,,,,,,,,,,,,,,,,,,,,,,,,,,,,,,,
2003-08-25,1.0888,126.97,1.9462,0.5847,32.43,7.4318,15.6466,0.6908,256.21,3.4529,0.6285,0.4247,4.321,36850,9.2402,234.95,42.02,1.5416,89.45,8.292,1515000,1.6723,1.5271,8.4913,1274.93,1.8629,1.9008,8.1066,1,,,,,,,,,,,,,,,,,,,,,,,,,,,,,,,,,
2003-08-26,1.0816,127.55,1.9462,0.5847,32.35,7.4311,15.6466,0.6925,256.55,3.4524,0.6271,0.4244,4.3475,36650,9.274,234.96,41.93,1.534,88.89,8.3362,1506000,1.6809,1.5163,8.4355,1265.31,1.8829,1.8982,7.9621,1,,,,,,,,,,,,,,,,,,,,,,,,,,,,,,,,,
2003-08-27,1.0907,127.67,1.9462,0.5845,32.57,7.4307,15.6466,0.6919,257.86,3.4525,0.6302,0.4251,4.325,36930,9.2311,235.01,41.99,1.5389,89.16,8.3345,1531000,1.7039,1.5269,8.5065,1284.74,1.9089,1.9109,7.9767,1,,,,,,,,,,,,,,,,,,,,,,,,,,,,,,,,,
2003-08-28,1.0828,127.78,1.9464,0.5845,32.55,7.4297,15.6466,0.6901,256.6,3.4524,0.6274,0.4244,4.353,37020,9.204,235.12,42.045,1.5391,87,8.305,1523000,1.6941,1.5225,8.4449,1275.59,1.8997,1.901,8.0051,1,,,,,,,,,,,,,,,,,,,,,,,,,,,,,,,,,
2003-08-29,1.0927,128.3,1.9464,0.5843,32.44,7.4261,15.6466,0.6964,257.46,3.4523,0.6299,0.4249,4.348,37200,9.1797,235.105,42.005,1.5364,88.01,8.2419,1529000,1.7012,1.5263,8.5222,1287.47,1.9016,1.9162,8.0704,1,,,,,,,,,,,,,,,,,,,,,,,,,,,,,,,,,
2003-08-30,1.0927,128.3,1.9464,0.5843,32.44,7.4261,15.6466,0.6964,257.46,3.4523,0.6299,0.4249,4.348,37200,9.1797,235.105,42.005,1.5364,88.01,8.2419,1529000,1.7012,1.5263,8.5222,1287.47,1.9016,1.9162,8.0704,1,,,,,,,,,,,,,,,,,,,,,,,,,,,,,,,,,
2003-08-31,1.0927,128.3,1.9464,0.5843,32.44,7.4261,15.6466,0.6964,257.46,3.4523,0.6299,0.4249,4.348,37200,9.1797,235.105,42.005,1.5364,88.01,8.2419,1529000,1.7012,1.5263,8.5222,1287.47,1.9016,1.9162,8.0704,1,,,,,,,,,,,,,,,,,,,,,,,,,,,,,,,,,
2003-09-01,1.0965,127.67,1.9464,0.5839,32.458,7.4253,15.6466,0.6977,257.48,3.4525,0.6316,0.4257,4.346,37302,9.1704,235.05,42.005,1.5362,88.16,8.2554,1525500,1.6981,1.5118,8.5518,1288.88,1.9016,1.9216,8.0659,1,,,,,,,,,,,,,,,,,,,,,,,,,,,,,,,,,
2003-09-02,1.0849,125.94,1.9469,0.5833,32.428,7.426,15.6466,0.6895,257.58,3.4529,0.6277,0.4246,4.349,37298,9.1731,235.04,41.975,1.5334,88.68,8.2511,1508600,1.692,1.5072,8.4616,1277.42,1.9014,1.9078,7.9289,1,,,,,,,,,,,,,,,,,,,,,,,,,,,,,,,,,
2003-09-03,1.0783,125.37,1.9469,0.5831,32.39,7.4257,15.6466,0.6895,256.88,3.4533,0.625,0.4241,4.329,37283,9.0939,235.035,41.935,1.5348,88.42,8.2104,1503000,1.6938,1.5051,8.4092,1265.92,1.9079,1.896,7.8416,1,,,,,,,,,,,,,,,,,,,,,,,,,,,,,,,,,
2003-09-04,1.0818,127.78,1.9467,0.5829,32.43,7.4255,15.6466,0.6912,255.85,3.4531,0.6264,0.4241,4.389,37338,9.1152,235.125,41.915,1.5378,87.97,8.2166,1500000,1.6943,1.4965,8.4373,1268.9,1.9057,1.9,7.9764,1,,,,,,,,,,,,,,,,,,,,,,,,,,,,,,,,,
2003-09-05,1.0923,129.69,1.9468,0.5827,32.617,7.4264,15.6466,0.6991,255.55,3.4533,0.6301,0.4248,4.445,37463,9.1088,235.18,41.75,1.5348,88.3,8.2491,1512000,1.6993,1.5002,8.5192,1278.59,1.9122,1.9183,8.3054,1,,,,,,,,,,,,,,,,,,,,,,,,,,,,,,,,,
2003-09-06,1.0923,129.69,1.9468,0.5827,32.617,7.4264,15.6466,0.6991,255.55,3.4533,0.6301,0.4248,4.445,37463,9.1088,235.18,41.75,1.5348,88.3,8.2491,1512000,1.6993,1.5002,8.5192,1278.59,1.9122,1.9183,8.3054,1,,,,,,,,,,,,,,,,,,,,,,,,,,,,,,,,,
2003-09-07,1.0923,129.69,1.9468,0.5827,32.617,7.4264,15.6466,0.6991,255.55,3.4533,0.6301,0.4248,4.445,37463,9.1088,235.18,41.75,1.5348,88.3,8.2491,1512000,1.6993,1.5002,8.5192,1278.59,1.9122,1.9183,8.3054,1,,,,,,,,,,,,,,,,,,,,,,,,,,,,,,,,,
2003-09-08,1.1071,129.01,1.947,0.5827,32.886,7.4279,15.6466,0.6983,256.36,3.4533,0.6353,0.4261,4.405,37657,9.1141,235.105,41.77,1.5408,89.15,8.2421,1530000,1.7129,1.5195,8.6347,1296.91,1.9212,1.9438,8.3918,1,,,,,,,,,,,,,,,,,,,,,,,,,,,,,,,,,
2003-09-09,1.1135,131.1,1.9465,0.5825,32.785,7.4293,15.6466,0.7051,256.22,3.4531,0.637,0.4269,4.444,37679,9.146,235.01,41.64,1.5476,89.75,8.2739,1542000,1.7038,1.5253,8.6847,1301.68,1.92,1.9555,8.4175,1,,,,,,,,,,,,,,,,,,,,,,,,,,,,,,,,,
2003-09-10,1.1172,131.09,1.9464,0.5826,32.845,7.4259,15.6466,0.703,256.34,3.4532,0.6385,0.4275,4.436,37891,9.1308,235.12,41.59,1.5507,89.71,8.283,1549000,1.6982,1.528,8.7132,1306.01,1.9182,1.9543,8.258,1,,,,,,,,,,,,,,,,,,,,,,,,,,,,,,,,,
2003-09-11,1.1217,131.04,1.9465,0.5832,32.725,7.4295,15.6466,0.7013,255.4,3.4532,0.6403,0.4272,4.422,38032,9.0772,235.165,41.475,1.5477,89.18,8.2774,1555000,1.7025,1.5345,8.7482,1311.55,1.9284,1.9657,8.2819,1,,,,,,,,,,,,,,,,,,,,,,,,,,,,,,,,,
2003-09-12,1.1172,132.41,1.9463,0.5835,32.612,7.4295,15.6466,0.7041,255.41,3.4532,0.6387,0.4268,4.445,37960,9.1127,235.19,41.425,1.5564,88.34,8.2875,1536000,1.6934,1.5327,8.7134,1306.01,1.9249,1.957,8.3179,1,,,,,,,,,,,,,,,,,,,,,,,,,,,,,,,,,
2003-09-13,1.1172,132.41,1.9463,0.5835,32.612,7.4295,15.6466,0.7041,255.41,3.4532,0.6387,0.4268,4.445,37960,9.1127,235.19,41.425,1.5564,88.34,8.2875,1536000,1.6934,1.5327,8.7134,1306.01,1.9249,1.957,8.3179,1,,,,,,,,,,,,,,,,,,,,,,,,,,,,,,,,,
2003-09-14,1.1172,132.41,1.9463,0.5835,32.612,7.4295,15.6466,0.7041,255.41,3.4532,0.6387,0.4268,4.445,37960,9.1127,235.19,41.425,1.5564,88.34,8.2875,1536000,1.6934,1.5327,8.7134,1306.01,1.9249,1.957,8.3179,1,,,,,,,,,,,,,,,,,,,,,,,,,,,,,,,,,
2003-09-15,1.1281,132.49,1.9464,0.5835,32.709,7.4269,15.6466,0.7039,254.85,3.453,0.6424,0.4275,4.444,38100,9.1794,235.19,41.454,1.5574,89.03,8.2704,1550000,1.7004,1.5434,8.7984,1322.98,1.9282,1.9793,8.3737,1,,,,,,,,,,,,,,,,,,,,,,,,,,,,,,,,,
2003-09-16,1.1235,129.82,1.9465,0.5839,32.736,7.4267,15.6466,0.7034,254.89,3.4528,0.6406,0.4273,4.463,37960,9.0905,235.24,41.305,1.5531,89.02,8.2751,1542850,1.6937,1.5362,8.7621,1314.44,1.9175,1.9669,8.3904,1,,,,,,,,,,,,,,,,,,,,,,,,,,,,,,,,,
2003-09-17,1.1212,130.91,1.9465,0.5839,32.743,7.4286,15.6466,0.7008,255.2,3.4532,0.6398,0.4269,4.533,38027,9.0345,235.23,41.31,1.5565,89.17,8.1843,1542063,1.6894,1.5338,8.7447,1312.98,1.9182,1.9632,8.3329,1,,,,,,,,,,,,,,,,,,,,,,,,,,,,,,,,,
2003-09-18,1.129,129.61,1.9469,0.5846,32.548,7.4277,15.6466,0.6954,256.24,3.4531,0.6421,0.4269,4.499,38100,9.0464,235.235,41.39,1.5577,88.88,8.1276,1550000,1.691,1.5415,8.8052,1320.87,1.9341,1.975,8.2476,1,,,,,,,,,,,,,,,,,,,,,,,,,,,,,,,,,
2003-09-19,1.1312,129.75,1.947,0.5842,32.173,7.4282,15.6466,0.6953,255.35,3.4532,0.6412,0.4266,4.496,38127,9.0279,235.265,41.23,1.5559,88.54,8.1636,1547258,1.6897,1.5341,8.8221,1321.13,1.9218,1.9767,8.3529,1,,,,,,,,,,,,,,,,,,,,,,,,,,,,,,,,,
2003-09-20,1.1312,129.75,1.947,0.5842,32.173,7.4282,15.6466,0.6953,255.35,3.4532,0.6412,0.4266,4.496,38127,9.0279,235.265,41.23,1.5559,88.54,8.1636,1547258,1.6897,1.5341,8.8221,1321.13,1.9218,1.9767,8.3529,1,,,,,,,,,,,,,,,,,,,,,,,,,,,,,,,,,
2003-09-21,1.1312,129.75,1.947,0.5842,32.173,7.4282,15.6466,0.6953,255.35,3.4532,0.6412,0.4266,4.496,38127,9.0279,235.265,41.23,1.5559,88.54,8.1636,1547258,1.6897,1.5341,8.8221,1321.13,1.9218,1.9767,8.3529,1,,,,,,,,,,,,,,,,,,,,,,,,,,,,,,,,,
2003-09-22,1.1468,128.62,1.947,0.5842,31.96,7.4275,15.6466,0.6958,255.04,3.4534,0.6438,0.4273,4.484,38310,9.0279,235.255,41.25,1.5524,88.96,8.1608,1555000,1.6895,1.5385,8.9389,1320.54,1.9195,1.9794,8.2932,1,,,,,,,,,,,,,,,,,,,,,,,,,,,,,,,,,
2003-09-23,1.1464,128.45,1.9473,0.5842,31.86,7.4277,15.6466,0.6928,254.7,3.4534,0.6431,0.4269,4.463,38275,8.9318,235.375,41.23,1.5542,88.44,8.08,1552100,1.693,1.5495,8.8814,1318.93,1.9273,1.9852,8.2122,1,,,,,,,,,,,,,,,,,,,,,,,,,,,,,,,,,
2003-09-24,1.1466,128.43,1.9469,0.5842,31.75,7.4293,15.6466,0.6935,253.42,3.4527,0.6429,0.4268,4.489,38272,8.851,235.36,41.23,1.5513,88.73,8.0203,1551553,1.694,1.555,8.899,1319.11,1.9246,1.9856,8.1532,1,,,,,,,,,,,,,,,,,,,,,,,,,,,,,,,,,
2003-09-25,1.1493,128.62,1.9465,0.5843,31.87,7.4279,15.6466,0.6921,254.2,3.4528,0.6441,0.4269,4.488,38220,8.9119,235.37,41.31,1.5431,89.32,8.0685,1579876,1.6852,1.5516,8.9229,1323.59,1.9209,1.9909,8.1373,1,,,,,,,,,,,,,,,,,,,,,,,,,,,,,,,,,
2003-09-26,1.1487,128.08,1.9474,0.5848,31.7,7.4271,15.6466,0.6917,254.58,3.4524,0.6436,0.4267,4.521,38284,8.9572,235.37,41.275,1.5442,88.71,8.108,1575000,1.7018,1.5557,8.9089,1321.58,1.9493,1.9895,8.2075,1,,,,,,,,,,,,,,,,,,,,,,,,,,,,,,,,,
2003-09-27,1.1487,128.08,1.9474,0.5848,31.7,7.4271,15.6466,0.6917,254.58,3.4524,0.6436,0.4267,4.521,38284,8.9572,235.37,41.275,1.5442,88.71,8.108,1575000,1.7018,1.5557,8.9089,1321.58,1.9493,1.9895,8.2075,1,,,,,,,,,,,,,,,,,,,,,,,,,,,,,,,,,
2003-09-28,1.1487,128.08,1.9474,0.5848,31.7,7.4271,15.6466,0.6917,254.58,3.4524,0.6436,0.4267,4.521,38284,8.9572,235.37,41.275,1.5442,88.71,8.108,1575000,1.7018,1.5557,8.9089,1321.58,1.9493,1.9895,8.2075,1,,,,,,,,,,,,,,,,,,,,,,,,,,,,,,,,,
2003-09-29,1.1413,128.72,1.9483,0.5848,31.735,7.4261,15.6466,0.6963,253.71,3.4524,0.6406,0.4266,4.614,38183,8.9217,235.46,41.135,1.5368,88.33,8.104,1591000,1.7023,1.554,8.8467,1313.12,1.9427,1.9764,8.258,1,,,,,,,,,,,,,,,,,,,,,,,,,,,,,,,,,
2003-09-30,1.1652,129.87,1.9489,0.5845,31.844,7.4256,15.6466,0.7015,254.96,3.4524,0.6482,0.4281,4.605,38435,9.0352,235.495,41.165,1.5374,89.08,8.2181,1628000,1.7101,1.5717,9.0254,1340.15,1.9538,2.0125,8.1134,1,,,,,,,,,,,,,,,,,,,,,,,,,,,,,,,,,
2003-10-01,1.1671,130.3,1.9479,0.5845,31.891,7.427,15.6466,0.7022,253.95,3.4524,0.6495,0.4289,4.582,38430,9.029,235.45,41.275,1.5407,89.07,8.2047,1629000,1.7134,1.5731,9.0368,1344.27,1.958,2.017,8.099,1,,,,,,,,,,,,,,,,,,,,,,,,,,,,,,,,,
2003-10-02,1.1692,129.56,1.9475,0.5845,31.959,7.4279,15.6466,0.6999,253.85,3.4524,0.6496,0.4285,4.539,38510,8.9873,235.7,41.195,1.5406,88.86,8.1696,1651778,1.7131,1.5793,9.0377,1344.64,1.9577,2.0176,8.0201,1,,,,,,,,,,,,,,,,,,,,,,,,,,,,,,,,,
2003-10-03,1.1686,128.36,1.9475,0.5845,31.967,7.4287,15.6466,0.6956,253.81,3.4524,0.6495,0.4284,4.525,38505,8.9838,235.67,41.225,1.5481,89.26,8.1843,1628000,1.7081,1.5663,9.0069,1342.14,1.9577,2.0154,8.058,1,,,,,,,,,,,,,,,,,,,,,,,,,,,,,,,,,
2003-10-04,1.1686,128.36,1.9475,0.5845,31.967,7.4287,15.6466,0.6956,253.81,3.4524,0.6495,0.4284,4.525,38505,8.9838,235.67,41.225,1.5481,89.26,8.1843,1628000,1.7081,1.5663,9.0069,1342.14,1.9577,2.0154,8.058,1,,,,,,,,,,,,,,,,,,,,,,,,,,,,,,,,,
2003-10-05,1.1686,128.36,1.9475,0.5845,31.967,7.4287,15.6466,0.6956,253.81,3.4524,0.6495,0.4284,4.525,38505,8.9838,235.67,41.225,1.5481,89.26,8.1843,1628000,1.7081,1.5663,9.0069,1342.14,1.9577,2.0154,8.058,1,,,,,,,,,,,,,,,,,,,,,,,,,,,,,,,,,
2003-10-06,1.1579,129.89,1.9475,0.5844,31.84,7.4287,15.6466,0.7009,253.35,3.4524,0.6459,0.4275,4.548,38376,8.9318,235.67,41.24,1.5455,88.84,8.1732,1581000,1.7013,1.5589,8.9279,1333.26,1.9477,2.0001,8.1059,1,,,,,,,,,,,,,,,,,,,,,,,,,,,,,,,,,
2003-10-07,1.1768,129.46,1.9477,0.5845,31.92,7.4292,15.6466,0.7077,253.96,3.4526,0.6519,0.4291,4.539,38602,8.9549,235.74,41.31,1.5476,89.6,8.2414,1622000,1.7071,1.5723,9.0748,1354.56,1.9693,2.0279,8.1149,1,,,,,,,,,,,,,,,,,,,,,,,,,,,,,,,,,
2003-10-08,1.1781,129.43,1.9483,0.5845,31.969,7.4288,15.6466,0.7106,253.99,3.4524,0.6523,0.4296,4.506,38615,8.9615,235.77,41.34,1.5491,89.73,8.2184,1626000,1.7038,1.5675,9.1126,1354.7,1.9705,2.0318,8.121,1,,,,,,,,,,,,,,,,,,,,,,,,,,,,,,,,,
2003-10-09,1.1788,128.02,1.9474,0.5845,32.117,7.4287,15.6466,0.7039,253.7,3.4525,0.6521,0.4297,4.51,38702,8.9749,235.775,41.25,1.5467,89.79,8.2178,1634000,1.7039,1.5709,9.1174,1354.03,1.9598,2.0301,8.156,1,,,,,,,,,,,,,,,,,,,,,,,,,,,,,,,,,
2003-10-10,1.1788,128.16,1.9473,0.5845,32.105,7.4292,15.6466,0.7086,254.45,3.4524,0.6514,0.4296,4.5317,38591,8.9879,235.8,41.27,1.5483,89.17,8.2181,1641000,1.7056,1.5676,9.1177,1352.26,1.9654,2.0326,8.222,1,,,,,,,,,,,,,,,,,,,,,,,,,,,,,,,,,
2003-10-11,1.1788,128.16,1.9473,0.5845,32.105,7.4292,15.6466,0.7086,254.45,3.4524,0.6514,0.4296,4.5317,38591,8.9879,235.8,41.27,1.5483,89.17,8.2181,1641000,1.7056,1.5676,9.1177,1352.26,1.9654,2.0326,8.222,1,,,,,,,,,,,,,,,,,,,,,,,,,,,,,,,,,
2003-10-12,1.1788,128.16,1.9473,0.5845,32.105,7.4292,15.6466,0.7086,254.45,3.4524,0.6514,0.4296,4.5317,38591,8.9879,235.8,41.27,1.5483,89.17,8.2181,1641000,1.7056,1.5676,9.1177,1352.26,1.9654,2.0326,8.222,1,,,,,,,,,,,,,,,,,,,,,,,,,,,,,,,,,
2003-10-13,1.1688,127.51,1.9471,0.5844,32.073,7.4303,15.6466,0.7035,256.7,3.4524,0.6473,0.4289,4.5252,38797,9.004,235.65,41.278,1.548,88.82,8.243,1646000,1.6948,1.5458,9.0416,1340.67,1.9541,2.0142,8.185,1,,,,,,,,,,,,,,,,,,,,,,,,,,,,,,,,,
2003-10-14,1.1634,127.65,1.9464,0.5845,32.105,7.4291,15.6466,0.7012,255.48,3.4524,0.6463,0.4284,4.5406,38786,8.9544,235.65,41.26,1.5449,88.87,8.2524,1642000,1.6996,1.5474,9.0204,1360.6,1.9588,2.029,8.1256,1,,,,,,,,,,,,,,,,,,,,,,,,,,,,,,,,,
2003-10-15,1.1669,127.3,1.9464,0.5845,32.022,7.4281,15.6466,0.6967,256.34,3.4524,0.6466,0.4283,4.5422,38763,8.9375,235.68,41.185,1.5479,88.87,8.259,1643000,1.6936,1.5496,9.0355,1365.8,1.9652,2.0281,8.1528,1,,,,,,,,,,,,,,,,,,,,,,,,,,,,,,,,,
2003-10-16,1.1615,127.26,1.9464,0.5845,32.035,7.4284,15.6466,0.6928,257.35,3.4524,0.6447,0.4275,4.6149,38683,8.97,235.69,41.19,1.5474,89,8.243,1644175,1.6882,1.538,8.9955,1364.41,1.9519,2.0205,8.1208,1,,,,,,,,,,,,,,,,,,,,,,,,,,,,,,,,,
2003-10-17,1.1579,127.75,1.9466,0.5839,31.835,7.4288,15.6466,0.6959,256.65,3.4539,0.6435,0.4272,4.6036,38824,9.0228,235.6,41.275,1.5511,89.11,8.2586,1670000,1.6813,1.5287,8.9693,1357.7,1.9453,2.0156,8.3627,1,,,,,,,,,,,,,,,,,,,,,,,,,,,,,,,,,
2003-10-18,1.1579,127.75,1.9466,0.5839,31.835,7.4288,15.6466,0.6959,256.65,3.4539,0.6435,0.4272,4.6036,38824,9.0228,235.6,41.275,1.5511,89.11,8.2586,1670000,1.6813,1.5287,8.9693,1357.7,1.9453,2.0156,8.3627,1,,,,,,,,,,,,,,,,,,,,,,,,,,,,,,,,,
2003-10-19,1.1579,127.75,1.9466,0.5839,31.835,7.4288,15.6466,0.6959,256.65,3.4539,0.6435,0.4272,4.6036,38824,9.0228,235.6,41.275,1.5511,89.11,8.2586,1670000,1.6813,1.5287,8.9693,1357.7,1.9453,2.0156,8.3627,1,,,,,,,,,,,,,,,,,,,,,,,,,,,,,,,,,
2003-10-20,1.1629,128.23,1.9464,0.5839,31.785,7.4319,15.6466,0.6959,256.45,3.4531,0.6455,0.4276,4.5773,38850,9.0647,235.6,41.335,1.5511,89.17,8.2955,1672000,1.6805,1.5335,9.0115,1365.3,1.9526,2.0293,8.3605,1,,,,,,,,,,,,,,,,,,,,,,,,,,,,,,,,,
2003-10-21,1.1623,127.83,1.9465,0.5839,31.805,7.4319,15.6466,0.6963,256.45,3.4524,0.6459,0.4277,4.5892,38842,9.046,235.58,41.305,1.5517,89.07,8.2853,1688000,1.6784,1.5375,9.0121,1373.72,1.9449,2.0293,8.2999,1,,,,,,,,,,,,,,,,,,,,,,,,,,,,,,,,,
2003-10-22,1.1694,128.75,1.9466,0.584,31.887,7.4323,15.6466,0.697,255.65,3.4524,0.6474,0.4278,4.6405,38840,9.0205,235.59,41.325,1.5508,89.04,8.2298,1715000,1.665,1.5388,9.066,1381.65,1.9371,2.0317,8.2274,1,,,,,,,,,,,,,,,,,,,,,,,,,,,,,,,,,
2003-10-23,1.1786,129.33,1.9469,0.5843,31.914,7.4311,15.6466,0.6962,256.66,3.4525,0.651,0.4282,4.6689,38819,9.0564,235.55,41.34,1.5505,89.64,8.2468,1743000,1.6864,1.5399,9.1353,1395.87,1.9397,2.0551,8.2154,1,,,,,,,,,,,,,,,,,,,,,,,,,,,,,,,,,
2003-10-24,1.1781,128.75,1.9484,0.5843,32.134,7.4307,15.6466,0.6948,258.25,3.4524,0.6506,0.428,4.6528,38849,9.083,235.58,41.537,1.5474,89.47,8.2645,1747000,1.683,1.541,9.1326,1396.81,1.9369,2.0528,8.1634,1,,,,,,,,,,,,,,,,,,,,,,,,,,,,,,,,,
2003-10-25,1.1781,128.75,1.9484,0.5843,32.134,7.4307,15.6466,0.6948,258.25,3.4524,0.6506,0.428,4.6528,38849,9.083,235.58,41.537,1.5474,89.47,8.2645,1747000,1.683,1.541,9.1326,1396.81,1.9369,2.0528,8.1634,1,,,,,,,,,,,,,,,,,,,,,,,,,,,,,,,,,
2003-10-26,1.1781,128.75,1.9484,0.5843,32.134,7.4307,15.6466,0.6948,258.25,3.4524,0.6506,0.428,4.6528,38849,9.083,235.58,41.537,1.5474,89.47,8.2645,1747000,1.683,1.541,9.1326,1396.81,1.9369,2.0528,8.1634,1,,,,,,,,,,,,,,,,,,,,,,,,,,,,,,,,,
2003-10-27,1.1748,127.29,1.9488,0.5843,32.101,7.4313,15.6466,0.6927,258,3.4524,0.6495,0.4278,4.6576,38845,9.0685,235.6,41.45,1.5467,89.6,8.2535,1765700,1.6694,1.5371,9.1104,1389.61,1.9272,2.0457,8.041,1,,,,,,,,,,,,,,,,,,,,,,,,,,,,,,,,,
2003-10-28,1.1673,126.14,1.9479,0.5843,32.024,7.4315,15.6466,0.6872,256.2,3.4523,0.6479,0.4271,4.6527,38992,9.051,235.68,41.351,1.5533,89.19,8.2199,1778000,1.6602,1.5356,9.0553,1383.25,1.9092,2.0381,8.0846,1,,,,,,,,,,,,,,,,,,,,,,,,,,,,,,,,,
2003-10-29,1.1684,126.23,1.9467,0.5835,32.155,7.4319,15.6466,0.6868,256.11,3.4526,0.6475,0.4267,4.6483,39245,9.0093,235.7,41.34,1.552,88.99,8.2236,1776000,1.6557,1.531,9.0659,1376.78,1.9048,2.0298,8.0255,1,,,,,,,,,,,,,,,,,,,,,,,,,,,,,,,,,
2003-10-30,1.1736,126.3,1.9479,0.5832,32.058,7.4332,15.6466,0.6855,256.2,3.4526,0.6491,0.4271,4.6799,39512,9.0392,235.8,41.305,1.5499,88.97,8.2033,1750510,1.6549,1.5337,9.1106,1380.56,1.9096,2.0353,8.0264,1,,,,,,,,,,,,,,,,,,,,,,,,,,,,,,,,,
2003-10-31,1.1622,127.43,1.9485,0.5832,32.035,7.4338,15.6466,0.6837,259.26,3.4525,0.6457,0.4265,4.6789,39487,9.0765,235.8,41.4,1.5524,88.79,8.2335,1725367,1.6464,1.5306,9.0257,1375.46,1.9022,2.0214,7.9714,1,,,,,,,,,,,,,,,,,,,,,,,,,,,,,,,,,
2003-11-01,1.1622,127.43,1.9485,0.5832,32.035,7.4338,15.6466,0.6837,259.26,3.4525,0.6457,0.4265,4.6789,39487,9.0765,235.8,41.4,1.5524,88.79,8.2335,1725367,1.6464,1.5306,9.0257,1375.46,1.9022,2.0214,7.9714,1,,,,,,,,,,,,,,,,,,,,,,,,,,,,,,,,,
2003-11-02,1.1622,127.43,1.9485,0.5832,32.035,7.4338,15.6466,0.6837,259.26,3.4525,0.6457,0.4265,4.6789,39487,9.0765,235.8,41.4,1.5524,88.79,8.2335,1725367,1.6464,1.5306,9.0257,1375.46,1.9022,2.0214,7.9714,1,,,,,,,,,,,,,,,,,,,,,,,,,,,,,,,,,
2003-11-03,1.1589,127,1.9477,0.5831,32.02,7.4335,15.6466,0.6834,262.8,3.4523,0.6452,0.4261,4.6375,39455,9.0533,235.78,41.425,1.5583,88.23,8.2179,1708440,1.6381,1.5391,8.9996,1374.05,1.892,2.0185,7.9222,1,,,,,,,,,,,,,,,,,,,,,,,,,,,,,,,,,
2003-11-04,1.1468,125.69,1.9473,0.5831,32.055,7.4335,15.6466,0.6815,260.43,3.4523,0.6411,0.4257,4.5792,39465,9.024,236,41.42,1.5652,87.57,8.2286,1691031,1.6369,1.5329,8.9072,1359.13,1.8785,2.0017,7.928,1,,,,,,,,,,,,,,,,,,,,,,,,,,,,,,,,,
2003-11-05,1.1473,125.55,1.9474,0.583,31.936,7.4366,15.6466,0.6824,257.15,3.4533,0.641,0.4258,4.596,39601,9.0289,236.01,41.315,1.5664,87.42,8.2454,1693500,1.6171,1.5279,8.9117,1356.62,1.8593,1.9968,7.9,1,,,,,,,,,,,,,,,,,,,,,,,,,,,,,,,,,
2003-11-06,1.1449,125.73,1.9472,0.583,31.967,7.4356,15.6466,0.6843,257.73,3.4533,0.6401,0.4256,4.5826,39633,8.9876,236,41.32,1.5714,87.25,8.2477,1710600,1.612,1.5251,8.8935,1352.07,1.8563,1.9956,8.003,1,,,,,,,,,,,,,,,,,,,,,,,,,,,,,,,,,
2003-11-07,1.1424,126,1.9464,0.5826,31.885,7.4347,15.6466,0.6875,257.7,3.4533,0.6398,0.4259,4.6101,39711,8.9709,235.95,41.24,1.572,87.81,8.2306,1718360,1.6147,1.5203,8.8758,1347,1.8588,1.989,7.9975,1,,,,,,,,,,,,,,,,,,,,,,,,,,,,,,,,,
2003-11-08,1.1424,126,1.9464,0.5826,31.885,7.4347,15.6466,0.6875,257.7,3.4533,0.6398,0.4259,4.6101,39711,8.9709,235.95,41.24,1.572,87.81,8.2306,1718360,1.6147,1.5203,8.8758,1347,1.8588,1.989,7.9975,1,,,,,,,,,,,,,,,,,,,,,,,,,,,,,,,,,
2003-11-09,1.1424,126,1.9464,0.5826,31.885,7.4347,15.6466,0.6875,257.7,3.4533,0.6398,0.4259,4.6101,39711,8.9709,235.95,41.24,1.572,87.81,8.2306,1718360,1.6147,1.5203,8.8758,1347,1.8588,1.989,7.9975,1,,,,,,,,,,,,,,,,,,,,,,,,,,,,,,,,,
2003-11-10,1.1483,124.52,1.9462,0.5826,32.033,7.4356,15.6466,0.687,257.3,3.453,0.64,0.4261,4.5466,39952,8.9695,235.99,41.265,1.5736,87.98,8.2046,1711243,1.6079,1.5109,8.8941,1348.16,1.8522,1.9934,7.9424,1,,,,,,,,,,,,,,,,,,,,,,,,,,,,,,,,,
2003-11-11,1.1497,125.18,1.9463,0.5826,31.99,7.4359,15.6466,0.6906,257.61,3.453,0.6406,0.4265,4.5674,39945,8.9837,236.02,41.175,1.5682,88.31,8.2149,1710957,1.6111,1.5104,8.9162,1353.83,1.8381,1.9937,7.9367,1,,,,,,,,,,,,,,,,,,,,,,,,,,,,,,,,,
2003-11-12,1.16,126.58,1.9463,0.5827,32.002,7.4359,15.6466,0.6945,258.65,3.4528,0.6448,0.4273,4.5743,39890,8.962,236.03,41.17,1.572,88.37,8.1838,1722300,1.621,1.516,9.0048,1360.56,1.8522,2.0113,7.9789,1,,,,,,,,,,,,,,,,,,,,,,,,,,,,,,,,,
2003-11-13,1.168,126.83,1.9464,0.5826,32.035,7.4366,15.6466,0.6955,258.55,3.4527,0.6467,0.4276,4.5875,39938,8.953,236.06,41.11,1.568,88.56,8.2036,1728575,1.6244,1.5195,9.0686,1368.49,1.8574,2.0168,7.8888,1,,,,,,,,,,,,,,,,,,,,,,,,,,,,,,,,,
2003-11-14,1.1765,127.56,1.9466,0.5828,32.071,7.4395,15.6466,0.6976,257.88,3.4525,0.648,0.4282,4.5749,40005,8.9533,236.15,40.985,1.5628,88.92,8.2055,1731850,1.6355,1.5292,9.1268,1377.98,1.8644,2.025,7.8598,1,,,,,,,,,,,,,,,,,,,,,,,,,,,,,,,,,
2003-11-15,1.1765,127.56,1.9466,0.5828,32.071,7.4395,15.6466,0.6976,257.88,3.4525,0.648,0.4282,4.5749,40005,8.9533,236.15,40.985,1.5628,88.92,8.2055,1731850,1.6355,1.5292,9.1268,1377.98,1.8644,2.025,7.8598,1,,,,,,,,,,,,,,,,,,,,,,,,,,,,,,,,,
2003-11-16,1.1765,127.56,1.9466,0.5828,32.071,7.4395,15.6466,0.6976,257.88,3.4525,0.648,0.4282,4.5749,40005,8.9533,236.15,40.985,1.5628,88.92,8.2055,1731850,1.6355,1.5292,9.1268,1377.98,1.8644,2.025,7.8598,1,,,,,,,,,,,,,,,,,,,,,,,,,,,,,,,,,
2003-11-17,1.1802,128.08,1.9468,0.5831,32.01,7.439,15.6466,0.6947,257.7,3.4526,0.6496,0.4285,4.5686,39917,8.9606,236.115,40.965,1.5569,89.09,8.2123,1732608,1.6467,1.5383,9.1602,1395.59,1.8733,2.0358,7.8765,1,,,,,,,,,,,,,,,,,,,,,,,,,,,,,,,,,
2003-11-18,1.1778,129.2,1.9468,0.5832,32.085,7.4384,15.6466,0.7011,257.2,3.4527,0.6487,0.4283,4.6178,39895,8.975,236.11,40.935,1.5468,89.16,8.189,1725697,1.6412,1.5424,9.138,1390.39,1.8652,2.0285,7.8228,1,,,,,,,,,,,,,,,,,,,,,,,,,,,,,,,,,
2003-11-19,1.191,129.79,1.9477,0.5837,31.84,7.438,15.6466,0.6999,258.35,3.4529,0.6532,0.4293,4.6071,40037,8.9825,236.05,40.94,1.5529,89.74,8.1671,1737828,1.6484,1.5502,9.2376,1401.51,1.8754,2.0431,7.8534,1,,,,,,,,,,,,,,,,,,,,,,,,,,,,,,,,,
2003-11-20,1.1909,129.8,1.9484,0.5837,31.854,7.4375,15.6466,0.6982,258.11,3.4529,0.6529,0.429,4.6247,40164,8.9875,236.18,40.95,1.5481,89.05,8.1705,1765508,1.6463,1.5518,9.2418,1419.2,1.8516,2.0453,7.7645,1,,,,,,,,,,,,,,,,,,,,,,,,,,,,,,,,,
2003-11-21,1.1899,129.55,1.9486,0.5837,31.899,7.4374,15.6466,0.699,257.8,3.4531,0.6522,0.4288,4.673,40168,8.9577,236.3,40.959,1.5467,88.92,8.1595,1749374,1.645,1.5549,9.2346,1422.53,1.8519,2.0469,7.765,1,,,,,,,,,,,,,,,,,,,,,,,,,,,,,,,,,
2003-11-22,1.1899,129.55,1.9486,0.5837,31.899,7.4374,15.6466,0.699,257.8,3.4531,0.6522,0.4288,4.673,40168,8.9577,236.3,40.959,1.5467,88.92,8.1595,1749374,1.645,1.5549,9.2346,1422.53,1.8519,2.0469,7.765,1,,,,,,,,,,,,,,,,,,,,,,,,,,,,,,,,,
2003-11-23,1.1899,129.55,1.9486,0.5837,31.899,7.4374,15.6466,0.699,257.8,3.4531,0.6522,0.4288,4.673,40168,8.9577,236.3,40.959,1.5467,88.92,8.1595,1749374,1.645,1.5549,9.2346,1422.53,1.8519,2.0469,7.765,1,,,,,,,,,,,,,,,,,,,,,,,,,,,,,,,,,
2003-11-24,1.1823,128.88,1.948,0.5838,31.897,7.436,15.6466,0.6936,258.79,3.4529,0.6501,0.4283,4.6348,40039,8.963,236.305,40.963,1.5537,88.99,8.1565,1739609,1.6393,1.5461,9.1799,1423.49,1.8496,2.0384,7.7227,1,,,,,,,,,,,,,,,,,,,,,,,,,,,,,,,,,
2003-11-25,1.1766,128.84,1.9477,0.584,31.891,7.4386,15.6466,0.6938,262.1,3.4529,0.6491,0.4279,4.6448,40058,8.9699,236.315,40.95,1.5537,88.94,8.156,1729824,1.6407,1.548,9.1394,1415.33,1.8492,2.027,7.6929,1,,,,,,,,,,,,,,,,,,,,,,,,,,,,,,,,,
2003-11-26,1.1828,130.11,1.9487,0.5841,31.89,7.4392,15.6466,0.6968,261.3,3.4526,0.6506,0.4284,4.6572,40137,9.0127,236.47,40.905,1.5444,89.24,8.168,1738865,1.6422,1.5464,9.1879,1422.26,1.8541,2.0395,7.6422,1,,,,,,,,,,,,,,,,,,,,,,,,,,,,,,,,,
2003-11-27,1.1902,130.22,1.9498,0.5841,32.03,7.4397,15.6466,0.6947,264.29,3.4526,0.6529,0.4284,4.6728,40322,9.021,236.45,40.95,1.5479,89.25,8.164,1741412,1.6477,1.5567,9.2421,1431.87,1.8638,2.0528,7.6245,1,,,,,,,,,,,,,,,,,,,,,,,,,,,,,,,,,
2003-11-28,1.1994,131.4,1.9525,0.5841,32.095,7.4396,15.6466,0.6959,264.74,3.4525,0.6555,0.4289,4.673,40200,9.0493,236.405,41.1,1.5478,89.29,8.1754,1748045,1.6583,1.5552,9.3117,1441.74,1.8718,2.0662,7.6263,1,,,,,,,,,,,,,,,,,,,,,,,,,,,,,,,,,
2003-11-29,1.1994,131.4,1.9525,0.5841,32.095,7.4396,15.6466,0.6959,264.74,3.4525,0.6555,0.4289,4.673,40200,9.0493,236.405,41.1,1.5478,89.29,8.1754,1748045,1.6583,1.5552,9.3117,1441.74,1.8718,2.0662,7.6263,1,,,,,,,,,,,,,,,,,,,,,,,,,,,,,,,,,
2003-11-30,1.1994,131.4,1.9525,0.5841,32.095,7.4396,15.6466,0.6959,264.74,3.4525,0.6555,0.4289,4.673,40200,9.0493,236.405,41.1,1.5478,89.29,8.1754,1748045,1.6583,1.5552,9.3117,1441.74,1.8718,2.0662,7.6263,1,,,,,,,,,,,,,,,,,,,,,,,,,,,,,,,,,
2003-12-01,1.1965,130.58,1.9529,0.5838,32.181,7.4398,15.6466,0.6957,267.96,3.4524,0.6559,0.429,4.6622,40230,9.015,236.425,41.03,1.5525,89.59,8.164,1744879,1.6433,1.5596,9.286,1433.3,1.8604,2.0592,7.5911,1,,,,0.8374,,,,4.3888,2.0598,1.9585,2.3023,2.043,3.4621,1.1572,2536,9.8754,7.303,2.0954,10164.5,5.2898,54.7,70.569,0.3519,13.5849,4.5415,66.136,35.51,4.4827,10.201,7.3853,1.4876,7.1932,2291.6001
2003-12-02,1.2089,131.44,1.9532,0.5839,32.3375,7.4415,15.6466,0.698,272.9,3.4524,0.6547,0.4287,4.6727,40172,9.0078,236.415,41.2,1.5562,89.4,8.1635,1746628,1.6505,1.567,9.38,1444.4,1.869,2.0786,7.6143,1,,,,0.846,,,,4.436,2.0462,1.9464,2.2871,2.03,3.4151,1.1495,2521,9.9826,7.342,2.1028,10259.2998,5.341,55.139,70.11,0.3558,13.7303,4.5901,66.781,35.88,4.5312,10.134,7.3364,1.4899,7.1462,2271.3
2003-12-03,1.2123,131.26,1.9542,0.5836,32.41,7.4412,15.6466,0.7007,272.85,3.4528,0.6581,0.4296,4.6405,40317,8.972,236.485,41.08,1.5579,89.35,8.118,1764669,1.6441,1.5759,9.4061,1445.2,1.8742,2.0796,7.4897,1,,,,0.8468,,,,4.4393,2.0779,1.979,2.3225,2.055,3.4799,1.1673,2558,9.9903,7.401,2.1077,10263.5,5.3523,55.181,71.177,0.3556,13.7418,4.5935,66.779,35.98,4.5298,10.29,7.4502,1.4914,7.2556,2303.6001
2003-12-04,1.2081,130.76,1.952,0.5836,32.58,7.4404,15.6466,0.7018,267.05,3.453,0.6571,0.4296,4.624,40338,8.961,236.5,41.014,1.556,89.47,8.0838,1756611,1.6412,1.5829,9.3758,1437.5,1.87,2.0687,7.6569,1,,,,0.847,,,,4.4327,2.0671,1.9484,2.3104,2.045,3.4597,1.1613,2546,9.9732,7.388,2.087,10257.2002,5.3596,55.001,70.815,0.3557,13.7269,4.5875,66.515,35.84,4.5234,10.237,7.2035,1.4867,7.2184,2270.1001
2003-12-05,1.2187,130.73,1.9521,0.5836,32.35,7.4405,15.6466,0.703,268.15,3.4532,0.6576,0.4298,4.65,40390,8.9431,236.515,41.02,1.5504,89.32,8.0825,1753921,1.6542,1.5876,9.4544,1443.4,1.8865,2.0872,7.6472,1,,,,0.8488,,,,4.4633,2.0688,1.9508,2.3123,2.045,3.4794,1.1622,2548,10.041,7.443,2.1027,10318.7002,5.3957,55.371,70.932,0.3576,13.6295,4.6182,67.061,36.08,4.5552,10.245,7.3177,1.4974,7.2243,2290
2003-12-06,1.2187,130.73,1.9521,0.5836,32.35,7.4405,15.6466,0.703,268.15,3.4532,0.6576,0.4298,4.65,40390,8.9431,236.515,41.02,1.5504,89.32,8.0825,1753921,1.6542,1.5876,9.4544,1443.4,1.8865,2.0872,7.6472,1,,,,0.8488,,,,4.4633,2.0688,1.9508,2.3123,2.045,3.4794,1.1622,2548,10.041,7.443,2.1027,10318.7002,5.3957,55.371,70.932,0.3576,13.6295,4.6182,67.061,36.08,4.5552,10.245,7.3177,1.4974,7.2243,2290
2003-12-07,1.2187,130.73,1.9521,0.5836,32.35,7.4405,15.6466,0.703,268.15,3.4532,0.6576,0.4298,4.65,40390,8.9431,236.515,41.02,1.5504,89.32,8.0825,1753921,1.6542,1.5876,9.4544,1443.4,1.8865,2.0872,7.6472,1,,,,0.8488,,,,4.4633,2.0688,1.9508,2.3123,2.045,3.4794,1.1622,2548,10.041,7.443,2.1027,10318.7002,5.3957,55.371,70.932,0.3576,13.6295,4.6182,67.061,36.08,4.5552,10.245,7.3177,1.4974,7.2243,2290
2003-12-08,1.222,131.26,1.9515,0.5837,32.02,7.4422,15.6466,0.7046,268.01,3.4531,0.6612,0.4303,4.6514,40510,8.939,236.605,41.045,1.5484,89.9,8.1209,1753751,1.6498,1.5846,9.4881,1448.8,1.8858,2.0902,7.8519,1,,,,0.8567,,,,4.4871,2.0924,1.9604,2.3387,2.066,3.5075,1.1755,2580,10.0921,7.48,2.1113,10376.4004,5.4076,55.564,71.727,0.3592,13.7091,4.6403,67.509,36.09,4.5778,10.361,7.2913,1.4976,7.3058,2309.7
2003-12-09,1.225,131.18,1.9507,0.5838,32.06,7.4425,15.6466,0.7018,264.81,3.4528,0.6619,0.4304,4.6835,40593,8.9275,236.63,41.09,1.5469,89.82,8.121,1755959,1.6541,1.6004,9.5071,1448.4,1.887,2.0957,7.8312,1,,,,0.8569,,,,4.4885,2.1033,1.9625,2.3508,2.078,3.5261,1.1816,2591,10.1004,7.482,2.1122,10378.5,5.3564,55.654,71.97,0.36,13.696,4.6433,67.467,36.17,4.5815,10.415,7.5413,1.497,7.3433,2321.5
2003-12-10,1.2191,132.1,1.9496,0.5838,32.1,7.44,15.6466,0.7004,263.35,3.4526,0.6618,0.4303,4.639,40468,8.9551,236.615,41.18,1.5472,89.85,8.135,1753491,1.6494,1.5952,9.4595,1433.8,1.8821,2.0887,7.8982,1,,,,0.8563,,,,4.4852,2.0967,1.9502,2.3435,2.0685,3.5146,1.1779,2584,10.0933,7.483,2.1004,10363.2998,5.3731,55.291,71.724,0.3592,13.72,4.641,67.46,35.96,4.5772,10.382,7.5374,1.4982,7.3205,2308.6001
2003-12-11,1.2224,132,1.9505,0.584,32.05,7.439,15.6466,0.6998,262.25,3.4524,0.66,0.4296,4.6749,40515,8.9795,236.65,41.21,1.5506,89.74,8.1665,1761735,1.6513,1.6086,9.4863,1429.7,1.8859,2.0956,7.7638,1,,,,0.8524,,,,4.4648,2.0831,1.941,2.3283,2.057,3.4965,1.1703,2569,10.0487,7.442,2.097,10176,5.3354,55.541,71.269,0.3575,13.5645,4.6208,67.22,35.92,4.5574,10.316,7.5754,1.4952,7.2738,2293.5
2003-12-12,1.2279,132.28,1.9515,0.584,32.07,7.4402,15.6466,0.7031,262.27,3.4524,0.6618,0.4301,4.667,40663,8.97,236.64,41.155,1.5504,89.73,8.1868,1759713,1.6559,1.6139,9.5268,1440.2,1.8978,2.0953,7.8126,1,,,,0.8606,,,,4.5076,2.1004,1.9593,2.3477,2.071,3.525,1.18,2590,10.1455,7.514,2.1168,10257,5.3914,55.78,71.85,0.3604,13.8051,4.6654,67.865,36.07,4.6012,10.401,7.4423,1.4966,7.3334,2317.2
2003-12-13,1.2279,132.28,1.9515,0.584,32.07,7.4402,15.6466,0.7031,262.27,3.4524,0.6618,0.4301,4.667,40663,8.97,236.64,41.155,1.5504,89.73,8.1868,1759713,1.6559,1.6139,9.5268,1440.2,1.8978,2.0953,7.8126,1,,,,0.8606,,,,4.5076,2.1004,1.9593,2.3477,2.071,3.525,1.18,2590,10.1455,7.514,2.1168,10257,5.3914,55.78,71.85,0.3604,13.8051,4.6654,67.865,36.07,4.6012,10.401,7.4423,1.4966,7.3334,2317.2
2003-12-14,1.2279,132.28,1.9515,0.584,32.07,7.4402,15.6466,0.7031,262.27,3.4524,0.6618,0.4301,4.667,40663,8.97,236.64,41.155,1.5504,89.73,8.1868,1759713,1.6559,1.6139,9.5268,1440.2,1.8978,2.0953,7.8126,1,,,,0.8606,,,,4.5076,2.1004,1.9593,2.3477,2.071,3.525,1.18,2590,10.1455,7.514,2.1168,10257,5.3914,55.78,71.85,0.3604,13.8051,4.6654,67.865,36.07,4.6012,10.401,7.4423,1.4966,7.3334,2317.2
2003-12-15,1.232,132.68,1.9515,0.5841,32.08,7.4397,15.6466,0.7043,263.34,3.4525,0.6615,0.4301,4.642,40583,9.0099,236.66,41.185,1.5531,89.63,8.2228,1752307,1.6547,1.6167,9.5541,1452.6,1.895,2.1034,7.7636,1,,,,0.8619,,,,4.5108,2.0928,1.9511,2.3392,2.062,3.5064,1.1757,2582,10.1531,7.507,2.1247,10417.4004,5.378,55.995,71.596,0.3617,13.8952,4.669,68.024,36.16,4.6084,10.364,7.4456,1.4966,7.3073,2305.6001
2003-12-16,1.2322,132.5,1.9528,0.5842,32.31,7.4416,15.6466,0.7019,263.05,3.4523,0.6653,0.431,4.6552,40722,9.0295,236.67,41.162,1.5513,90.19,8.2221,1760184,1.6569,1.6343,9.5663,1453.9,1.8927,2.1018,7.8364,1,,,,0.8641,,,,4.5255,2.1152,1.9552,2.3642,2.076,3.5229,1.1883,2609,10.1857,7.569,2.126,10451.2002,5.3739,56.025,72.433,0.3623,13.8741,4.683,68.192,36.03,4.6194,10.473,7.5252,1.5031,7.3845,2336.1001
2003-12-17,1.2402,133.17,1.9543,0.5847,32.34,7.442,15.6466,0.7028,263.1,3.4524,0.6649,0.4306,4.6427,40613,9.0412,236.74,41.16,1.5548,89.84,8.3085,1764808,1.6774,1.645,9.6226,1472,1.9162,2.1172,8.0594,1,,,,0.8682,,,,4.5485,2.1132,1.9521,2.362,2.08,3.5468,1.1872,2608,10.2318,7.592,2.1349,10514,5.4301,56.264,72.429,0.3644,13.9658,4.7047,68.431,36.27,4.6433,10.464,7.5154,1.5054,7.3777,2336.1001
2003-12-18,1.2423,133.71,1.9546,0.5848,32.36,7.444,15.6466,0.7011,262.5,3.4523,0.6661,0.4307,4.6502,40719,9.0592,236.77,41.14,1.5517,90.01,8.347,1777136,1.6761,1.6542,9.6441,1470.5,1.9139,2.1189,8.2136,1,,,,0.8703,,,,4.5463,2.1292,1.9666,2.3799,2.095,3.5572,1.1962,2626,10.2198,7.573,2.1356,10510.0996,5.4547,56.441,72.969,0.3645,13.952,4.7021,68.372,36.1861,4.6406,10.543,7.7837,1.5131,7.4331,2352.3
2003-12-19,1.2385,133.23,1.9556,0.5852,32.44,7.4415,15.6466,0.6999,262.5,3.4523,0.6668,0.4309,4.649,40732,9.0695,236.8,41.133,1.5516,90,8.326,1773170,1.6814,1.6533,9.6122,1476.9,1.9201,2.1152,8.5631,1,,,,0.8679,,,,4.5436,2.1284,1.9554,2.3789,2.094,3.5576,1.1957,2622,10.2244,7.575,2.1365,10510.5996,5.4195,56.17,72.939,0.3649,13.8923,4.7014,68.404,36.24,4.6376,10.538,7.8889,1.5114,7.43,2358.2
2003-12-20,1.2385,133.23,1.9556,0.5852,32.44,7.4415,15.6466,0.6999,262.5,3.4523,0.6668,0.4309,4.649,40732,9.0695,236.8,41.133,1.5516,90,8.326,1773170,1.6814,1.6533,9.6122,1476.9,1.9201,2.1152,8.5631,1,,,,0.8679,,,,4.5436,2.1284,1.9554,2.3789,2.094,3.5576,1.1957,2622,10.2244,7.575,2.1365,10510.5996,5.4195,56.17,72.939,0.3649,13.8923,4.7014,68.404,36.24,4.6376,10.538,7.8889,1.5114,7.43,2358.2
2003-12-21,1.2385,133.23,1.9556,0.5852,32.44,7.4415,15.6466,0.6999,262.5,3.4523,0.6668,0.4309,4.649,40732,9.0695,236.8,41.133,1.5516,90,8.326,1773170,1.6814,1.6533,9.6122,1476.9,1.9201,2.1152,8.5631,1,,,,0.8679,,,,4.5436,2.1284,1.9554,2.3789,2.094,3.5576,1.1957,2622,10.2244,7.575,2.1365,10510.5996,5.4195,56.17,72.939,0.3649,13.8923,4.7014,68.404,36.24,4.6376,10.538,7.8889,1.5114,7.43,2358.2
2003-12-22,1.2399,133.27,1.9552,0.5853,32.51,7.4403,15.6466,0.7025,261.98,3.4524,0.6673,0.4312,4.6386,40625,9.0865,236.85,41.175,1.5592,89.58,8.3519,1781315,1.6877,1.6494,9.6221,1481.9,1.9322,2.1168,8.5355,1,,,,0.8716,,,,4.5575,2.1325,1.9567,2.3836,2.097,3.5564,1.198,2631,10.2549,7.599,2.14,10534.5,5.4273,56.346,73.018,0.3659,13.995,4.7155,68.709,36.25,4.6544,10.559,8.2152,1.5109,7.4445,2358.3999
2003-12-23,1.24,133.15,1.9553,0.5859,32.47,7.4425,15.6466,0.7028,266.4,3.4524,0.6664,0.4308,4.6343,40397,9.0614,236.83,41.16,1.5587,89.64,8.3828,1771509,1.6788,1.638,9.624,1479.6,1.9248,2.116,8.5404,1,,,,0.8873,,,,4.6489,2.1278,1.9524,2.3783,2.092,3.5443,1.1954,2628,10.4622,7.76,2.1144,10556.7002,5.5765,56.266,72.921,0.3726,13.7457,4.8101,70.051,36.24,4.7459,10.536,8.197,1.5179,7.4282,2329.7
2003-12-24,1.2453,133.59,1.9553,0.5858,32.49,7.4413,15.6466,0.7014,259.75,3.4521,0.6665,0.4307,4.6609,40485,9.0924,236.81,41.16,1.5528,89.66,8.4015,1770408,1.6764,1.6273,9.6666,1494.7,1.9217,2.1231,8.2877,1,,,,,,,,,,,,,,,,,,,10584.9004,5.4348,56.604,,0.3669,14.0492,4.7212,,36.41,4.6751,,,,,
2003-12-25,1.2448,133.46,1.9553,0.5858,32.49,7.4424,15.6466,0.702,259.33,3.4521,0.6665,0.4307,4.659,40485,9.0929,236.81,41.16,1.5528,89.66,8.4022,1770408,1.6751,1.6299,9.6628,1492.8,1.9226,2.1223,8.283,1,,,,,,,,,,,,,,,,,,,10571.2998,5.4353,56.585,,0.3666,14.0543,4.7201,,36.38,4.6693,,,,,
2003-12-26,1.2432,133.41,1.9553,0.5858,32.49,7.4415,15.6466,0.7003,259.6,3.4521,0.6665,0.4307,4.645,40485,9.08,236.81,41.16,1.5573,89.66,8.44,1770408,1.6741,1.6238,9.6477,1492.4,1.9176,2.1196,8.2535,1,,,,,,,,,,,,,,,,,,,10562,5.4353,56.455,,0.3662,14.0543,,,36.47,4.6659,,,,,
2003-12-27,1.2432,133.41,1.9553,0.5858,32.49,7.4415,15.6466,0.7003,259.6,3.4521,0.6665,0.4307,4.645,40485,9.08,236.81,41.16,1.5573,89.66,8.44,1770408,1.6741,1.6238,9.6477,1492.4,1.9176,2.1196,8.2535,1,,,,,,,,,,,,,,,,,,,10562,5.4353,56.455,,0.3662,14.0543,,,36.47,4.6659,,,,,
2003-12-28,1.2432,133.41,1.9553,0.5858,32.49,7.4415,15.6466,0.7003,259.6,3.4521,0.6665,0.4307,4.645,40485,9.08,236.81,41.16,1.5573,89.66,8.44,1770408,1.6741,1.6238,9.6477,1492.4,1.9176,2.1196,8.2535,1,,,,,,,,,,,,,,,,,,,10562,5.4353,56.455,,0.3662,14.0543,,,36.47,4.6659,,,,,
2003-12-29,1.2484,133.62,1.9558,0.5861,32.49,7.4436,15.6466,0.7034,259.65,3.4523,0.6689,0.4312,4.6868,40723,9.0871,236.83,41.16,1.5594,89.5,8.4225,1766109,1.6778,1.6342,9.6886,1480.7,1.9167,2.1243,8.3667,1,,,,0.8752,,,,4.5832,2.1432,1.9679,2.3955,2.101,3.549,1.204,2650,10.3141,7.66,2.1432,10564.7998,5.4476,56.855,73.315,0.367,14.0024,4.7425,69.182,36.71,4.6785,10.611,8.0564,1.5129,7.4814,2340.1001
2003-12-30,1.2549,134.22,1.9559,0.5862,32.63,7.4444,15.6466,0.7054,260.2,3.4523,0.6685,0.4312,4.7071,41072,9.0848,236.85,41.145,1.5588,89.63,8.419,1752635,1.6751,1.6238,9.7398,1499.3,1.9117,2.1354,8.2909,1,,,,0.8776,,,,4.5993,2.1451,1.9551,2.3976,2.101,3.5176,1.2051,2658,10.3445,7.662,2.145,10608.2002,5.4671,57.082,73.39,0.3691,14.0832,4.7577,69.289,36.67,4.6953,10.62,8.0723,1.5142,7.4878,2348.3
2003-12-31,1.259,135.16,1.9557,0.5864,32.61,7.446,15.6466,0.7036,261.09,3.4524,0.6725,0.4317,4.697,41158,9.07,236.7,41.17,1.559,89.46,8.3875,1771638,1.6754,1.633,9.7708,1499.9,1.9215,2.1369,8.4047,1,,,,0.8563,,,,4.4913,2.1451,1.9551,2.3976,2.12,3.5176,1.2051,2658,10.0463,7.5153,2.0541,10594.0996,5.4959,57.313,73.39,0.37,14.1439,4.8006,67.415,36.79,4.7228,10.62,8.0723,1.4726,7.4878,2348.3
